BEGIN;

--
-- Data for Name: articles_chapter; Type: TABLE DATA;
--

INSERT INTO articles_chapter (id, "order") VALUES (1, 0);
INSERT INTO articles_chapter (id, "order") VALUES (2, 1);
INSERT INTO articles_chapter (id, "order") VALUES (3, 2);
INSERT INTO articles_chapter (id, "order") VALUES (4, 3);

--
-- Data for Name: articles_article; Type: TABLE DATA;
--

INSERT INTO articles_article (id, "order", published_at, chapter_id) VALUES (1, 0, '2023-03-19', 1);
INSERT INTO articles_article (id, "order", published_at, chapter_id) VALUES (2, 1, '2023-03-19', 1);
INSERT INTO articles_article (id, "order", published_at, chapter_id) VALUES (3, 2, '2023-03-19', 1);
INSERT INTO articles_article (id, "order", published_at, chapter_id) VALUES (4, 3, '2023-03-19', 1);
INSERT INTO articles_article (id, "order", published_at, chapter_id) VALUES (5, 0, '2023-03-19', 2);
INSERT INTO articles_article (id, "order", published_at, chapter_id) VALUES (6, 1, '2023-03-19', 2);
INSERT INTO articles_article (id, "order", published_at, chapter_id) VALUES (7, 2, '2023-03-19', 2);
INSERT INTO articles_article (id, "order", published_at, chapter_id) VALUES (8, 0, '2023-03-19', 3);
INSERT INTO articles_article (id, "order", published_at, chapter_id) VALUES (9, 1, '2023-03-19', 3);
INSERT INTO articles_article (id, "order", published_at, chapter_id) VALUES (10, 2, '2023-03-19', 3);
INSERT INTO articles_article (id, "order", published_at, chapter_id) VALUES (11, 0, '2023-03-20', 4);
INSERT INTO articles_article (id, "order", published_at, chapter_id) VALUES (12, 1, '2023-03-20', 4);

--
-- Data for Name: articles_language; Type: TABLE DATA;
--

INSERT INTO articles_language (id, code, name) VALUES (1, 'cs-CZ', 'Czech (Czech Republic)');

--
-- Data for Name: articles_article_translations; Type: TABLE DATA;
--

INSERT INTO articles_article_translations (id, title, description, article_id, language_id) VALUES (1, 'Matice', '', 1, 1);
INSERT INTO articles_article_translations (id, title, description, article_id, language_id) VALUES (2, 'Operace s maticemi', '', 2, 1);
INSERT INTO articles_article_translations (id, title, description, article_id, language_id) VALUES (3, 'Determinant', '', 3, 1);
INSERT INTO articles_article_translations (id, title, description, article_id, language_id) VALUES (4, 'Inverzní matice', '', 4, 1);
INSERT INTO articles_article_translations (id, title, description, article_id, language_id) VALUES (5, 'Vektorové prostory', '', 5, 1);
INSERT INTO articles_article_translations (id, title, description, article_id, language_id) VALUES (6, 'Hodnost matice', '', 6, 1);
INSERT INTO articles_article_translations (id, title, description, article_id, language_id) VALUES (7, 'Báze', '', 7, 1);
INSERT INTO articles_article_translations (id, title, description, article_id, language_id) VALUES (8, 'Soustavy lineárních rovnic', '', 8, 1);
INSERT INTO articles_article_translations (id, title, description, article_id, language_id) VALUES (9, 'Gaussova eliminační metoda', '', 9, 1);
INSERT INTO articles_article_translations (id, title, description, article_id, language_id) VALUES (10, 'Cramerovo pravidlo', '', 10, 1);
INSERT INTO articles_article_translations (id, title, description, article_id, language_id) VALUES (11, 'Homomorfismy', '', 11, 1);
INSERT INTO articles_article_translations (id, title, description, article_id, language_id) VALUES (12, 'Transformace souřadnic', '', 12, 1);

--
-- Data for Name: articles_blocktype; Type: TABLE DATA;
--

INSERT INTO articles_blocktype (id, enumerated, show_title, figure, code) VALUES (1, false, false, false, 'text');
INSERT INTO articles_blocktype (id, enumerated, show_title, figure, code) VALUES (2, true, true, false, 'definition');
INSERT INTO articles_blocktype (id, enumerated, show_title, figure, code) VALUES (3, true, true, false, 'theorem');
INSERT INTO articles_blocktype (id, enumerated, show_title, figure, code) VALUES (4, true, true, false, 'example');
INSERT INTO articles_blocktype (id, enumerated, show_title, figure, code) VALUES (5, true, true, false, 'remark');
INSERT INTO articles_blocktype (id, enumerated, show_title, figure, code) VALUES (6, true, true, false, 'consequence');
INSERT INTO articles_blocktype (id, enumerated, show_title, figure, code) VALUES (7, true, true, false, 'lemma');
INSERT INTO articles_blocktype (id, enumerated, show_title, figure, code) VALUES (8, false, true, true, 'image');

--
-- Data for Name: articles_page; Type: TABLE DATA;
--

INSERT INTO articles_page (id, "order", article_id) VALUES (1, 0, 1);
INSERT INTO articles_page (id, "order", article_id) VALUES (2, 0, 2);
INSERT INTO articles_page (id, "order", article_id) VALUES (3, 1, 2);
INSERT INTO articles_page (id, "order", article_id) VALUES (4, 0, 3);
INSERT INTO articles_page (id, "order", article_id) VALUES (5, 1, 3);
INSERT INTO articles_page (id, "order", article_id) VALUES (6, 2, 3);
INSERT INTO articles_page (id, "order", article_id) VALUES (7, 3, 3);
INSERT INTO articles_page (id, "order", article_id) VALUES (8, 4, 3);
INSERT INTO articles_page (id, "order", article_id) VALUES (9, 5, 3);
INSERT INTO articles_page (id, "order", article_id) VALUES (10, 0, 4);
INSERT INTO articles_page (id, "order", article_id) VALUES (11, 1, 4);
INSERT INTO articles_page (id, "order", article_id) VALUES (12, 2, 4);
INSERT INTO articles_page (id, "order", article_id) VALUES (13, 3, 4);
INSERT INTO articles_page (id, "order", article_id) VALUES (14, 0, 5);
INSERT INTO articles_page (id, "order", article_id) VALUES (15, 0, 6);
INSERT INTO articles_page (id, "order", article_id) VALUES (16, 0, 7);
INSERT INTO articles_page (id, "order", article_id) VALUES (17, 1, 5);
INSERT INTO articles_page (id, "order", article_id) VALUES (18, 2, 5);
INSERT INTO articles_page (id, "order", article_id) VALUES (19, 3, 5);
INSERT INTO articles_page (id, "order", article_id) VALUES (20, 1, 6);
INSERT INTO articles_page (id, "order", article_id) VALUES (21, 1, 7);
INSERT INTO articles_page (id, "order", article_id) VALUES (22, 0, 8);
INSERT INTO articles_page (id, "order", article_id) VALUES (23, 1, 8);
INSERT INTO articles_page (id, "order", article_id) VALUES (24, 0, 9);
INSERT INTO articles_page (id, "order", article_id) VALUES (25, 1, 9);
INSERT INTO articles_page (id, "order", article_id) VALUES (26, 2, 9);
INSERT INTO articles_page (id, "order", article_id) VALUES (27, 3, 9);
INSERT INTO articles_page (id, "order", article_id) VALUES (28, 0, 10);
INSERT INTO articles_page (id, "order", article_id) VALUES (31, 0, 11);
INSERT INTO articles_page (id, "order", article_id) VALUES (32, 0, 12);
INSERT INTO articles_page (id, "order", article_id) VALUES (33, 1, 12);

--
-- Data for Name: articles_block; Type: TABLE DATA;
--

INSERT INTO articles_block (id, "order", page_id, type_id, number, ref_label) VALUES (102, 2, 24, 1, NULL, NULL);
INSERT INTO articles_block (id, "order", page_id, type_id, number, ref_label) VALUES (3, 2, 1, 1, NULL, NULL);
INSERT INTO articles_block (id, "order", page_id, type_id, number, ref_label) VALUES (24, 3, 6, 1, NULL, NULL);
INSERT INTO articles_block (id, "order", page_id, type_id, number, ref_label) VALUES (7, 0, 2, 1, NULL, NULL);
INSERT INTO articles_block (id, "order", page_id, type_id, number, ref_label) VALUES (22, 1, 6, 1, NULL, NULL);
INSERT INTO articles_block (id, "order", page_id, type_id, number, ref_label) VALUES (36, 3, 8, 1, NULL, NULL);
INSERT INTO articles_block (id, "order", page_id, type_id, number, ref_label) VALUES (104, 0, 25, 1, NULL, NULL);
INSERT INTO articles_block (id, "order", page_id, type_id, number, ref_label) VALUES (96, 0, 23, 5, 78, NULL);
INSERT INTO articles_block (id, "order", page_id, type_id, number, ref_label) VALUES (5, 4, 1, 2, 2, 'def:matrix-types');
INSERT INTO articles_block (id, "order", page_id, type_id, number, ref_label) VALUES (8, 1, 2, 1, NULL, NULL);
INSERT INTO articles_block (id, "order", page_id, type_id, number, ref_label) VALUES (12, 1, 3, 1, NULL, NULL);
INSERT INTO articles_block (id, "order", page_id, type_id, number, ref_label) VALUES (1, 0, 1, 1, NULL, NULL);
INSERT INTO articles_block (id, "order", page_id, type_id, number, ref_label) VALUES (4, 3, 1, 1, NULL, NULL);
INSERT INTO articles_block (id, "order", page_id, type_id, number, ref_label) VALUES (95, 1, 22, 2, 77, NULL);
INSERT INTO articles_block (id, "order", page_id, type_id, number, ref_label) VALUES (44, 0, 11, 1, NULL, NULL);
INSERT INTO articles_block (id, "order", page_id, type_id, number, ref_label) VALUES (94, 0, 22, 2, 76, NULL);
INSERT INTO articles_block (id, "order", page_id, type_id, number, ref_label) VALUES (18, 0, 5, 1, NULL, NULL);
INSERT INTO articles_block (id, "order", page_id, type_id, number, ref_label) VALUES (19, 1, 5, 1, NULL, NULL);
INSERT INTO articles_block (id, "order", page_id, type_id, number, ref_label) VALUES (47, 1, 12, 1, NULL, NULL);
INSERT INTO articles_block (id, "order", page_id, type_id, number, ref_label) VALUES (21, 0, 6, 1, NULL, NULL);
INSERT INTO articles_block (id, "order", page_id, type_id, number, ref_label) VALUES (17, 2, 4, 1, NULL, NULL);
INSERT INTO articles_block (id, "order", page_id, type_id, number, ref_label) VALUES (52, 6, 12, 1, NULL, NULL);
INSERT INTO articles_block (id, "order", page_id, type_id, number, ref_label) VALUES (106, 2, 25, 1, NULL, NULL);
INSERT INTO articles_block (id, "order", page_id, type_id, number, ref_label) VALUES (93, 3, 21, 4, 75, NULL);
INSERT INTO articles_block (id, "order", page_id, type_id, number, ref_label) VALUES (92, 2, 21, 3, 74, NULL);
INSERT INTO articles_block (id, "order", page_id, type_id, number, ref_label) VALUES (91, 1, 21, 6, 73, NULL);
INSERT INTO articles_block (id, "order", page_id, type_id, number, ref_label) VALUES (90, 0, 21, 6, 72, NULL);
INSERT INTO articles_block (id, "order", page_id, type_id, number, ref_label) VALUES (2, 1, 1, 2, 1, NULL);
INSERT INTO articles_block (id, "order", page_id, type_id, number, ref_label) VALUES (103, 3, 24, 1, NULL, NULL);
INSERT INTO articles_block (id, "order", page_id, type_id, number, ref_label) VALUES (120, 0, 32, 1, NULL, NULL);
INSERT INTO articles_block (id, "order", page_id, type_id, number, ref_label) VALUES (89, 6, 16, 6, 71, NULL);
INSERT INTO articles_block (id, "order", page_id, type_id, number, ref_label) VALUES (88, 5, 16, 6, 70, NULL);
INSERT INTO articles_block (id, "order", page_id, type_id, number, ref_label) VALUES (87, 4, 16, 3, 69, NULL);
INSERT INTO articles_block (id, "order", page_id, type_id, number, ref_label) VALUES (86, 3, 16, 2, 68, NULL);
INSERT INTO articles_block (id, "order", page_id, type_id, number, ref_label) VALUES (85, 2, 16, 3, 67, NULL);
INSERT INTO articles_block (id, "order", page_id, type_id, number, ref_label) VALUES (84, 1, 16, 3, 66, NULL);
INSERT INTO articles_block (id, "order", page_id, type_id, number, ref_label) VALUES (15, 0, 4, 1, NULL, NULL);
INSERT INTO articles_block (id, "order", page_id, type_id, number, ref_label) VALUES (71, 0, 15, 1, NULL, NULL);
INSERT INTO articles_block (id, "order", page_id, type_id, number, ref_label) VALUES (83, 0, 16, 2, 65, 'def:basis');
INSERT INTO articles_block (id, "order", page_id, type_id, number, ref_label) VALUES (69, 0, 19, 3, 52, NULL);
INSERT INTO articles_block (id, "order", page_id, type_id, number, ref_label) VALUES (68, 4, 18, 3, 51, NULL);
INSERT INTO articles_block (id, "order", page_id, type_id, number, ref_label) VALUES (67, 3, 18, 2, 50, NULL);
INSERT INTO articles_block (id, "order", page_id, type_id, number, ref_label) VALUES (9, 2, 2, 2, 4, 'def:matrix-addition');
INSERT INTO articles_block (id, "order", page_id, type_id, number, ref_label) VALUES (20, 3, 5, 1, NULL, NULL);
INSERT INTO articles_block (id, "order", page_id, type_id, number, ref_label) VALUES (66, 2, 18, 7, 49, NULL);
INSERT INTO articles_block (id, "order", page_id, type_id, number, ref_label) VALUES (65, 1, 18, 3, 48, NULL);
INSERT INTO articles_block (id, "order", page_id, type_id, number, ref_label) VALUES (64, 0, 18, 2, 47, NULL);
INSERT INTO articles_block (id, "order", page_id, type_id, number, ref_label) VALUES (63, 4, 17, 4, 46, NULL);
INSERT INTO articles_block (id, "order", page_id, type_id, number, ref_label) VALUES (62, 3, 17, 3, 45, NULL);
INSERT INTO articles_block (id, "order", page_id, type_id, number, ref_label) VALUES (61, 2, 17, 3, 44, NULL);
INSERT INTO articles_block (id, "order", page_id, type_id, number, ref_label) VALUES (105, 1, 25, 1, NULL, NULL);
INSERT INTO articles_block (id, "order", page_id, type_id, number, ref_label) VALUES (110, 2, 26, 1, NULL, NULL);
INSERT INTO articles_block (id, "order", page_id, type_id, number, ref_label) VALUES (14, 3, 3, 2, 8, 'def:multiply-m-by-scalar');
INSERT INTO articles_block (id, "order", page_id, type_id, number, ref_label) VALUES (60, 1, 17, 6, 43, NULL);
INSERT INTO articles_block (id, "order", page_id, type_id, number, ref_label) VALUES (111, 3, 26, 1, NULL, NULL);
INSERT INTO articles_block (id, "order", page_id, type_id, number, ref_label) VALUES (99, 3, 23, 3, 81, NULL);
INSERT INTO articles_block (id, "order", page_id, type_id, number, ref_label) VALUES (98, 2, 23, 3, 80, NULL);
INSERT INTO articles_block (id, "order", page_id, type_id, number, ref_label) VALUES (131, 1, 14, 2, 37, NULL);
INSERT INTO articles_block (id, "order", page_id, type_id, number, ref_label) VALUES (97, 1, 23, 2, 79, NULL);
INSERT INTO articles_block (id, "order", page_id, type_id, number, ref_label) VALUES (76, 5, 15, 3, 58, 'theorem:hodnost-eq-max-subdet');
INSERT INTO articles_block (id, "order", page_id, type_id, number, ref_label) VALUES (75, 4, 15, 5, 57, NULL);
INSERT INTO articles_block (id, "order", page_id, type_id, number, ref_label) VALUES (74, 3, 15, 2, 56, 'def:matrix-rank');
INSERT INTO articles_block (id, "order", page_id, type_id, number, ref_label) VALUES (73, 2, 15, 2, 55, NULL);
INSERT INTO articles_block (id, "order", page_id, type_id, number, ref_label) VALUES (72, 1, 15, 2, 54, NULL);
INSERT INTO articles_block (id, "order", page_id, type_id, number, ref_label) VALUES (70, 1, 19, 2, 53, NULL);
INSERT INTO articles_block (id, "order", page_id, type_id, number, ref_label) VALUES (59, 0, 17, 3, 42, NULL);
INSERT INTO articles_block (id, "order", page_id, type_id, number, ref_label) VALUES (58, 5, 14, 2, 41, 'def:vector-lin-independence');
INSERT INTO articles_block (id, "order", page_id, type_id, number, ref_label) VALUES (57, 4, 14, 5, 40, NULL);
INSERT INTO articles_block (id, "order", page_id, type_id, number, ref_label) VALUES (56, 3, 14, 2, 39, NULL);
INSERT INTO articles_block (id, "order", page_id, type_id, number, ref_label) VALUES (55, 2, 14, 2, 38, NULL);
INSERT INTO articles_block (id, "order", page_id, type_id, number, ref_label) VALUES (54, 0, 14, 2, 36, NULL);
INSERT INTO articles_block (id, "order", page_id, type_id, number, ref_label) VALUES (53, 0, 13, 4, 35, NULL);
INSERT INTO articles_block (id, "order", page_id, type_id, number, ref_label) VALUES (51, 5, 12, 3, 34, NULL);
INSERT INTO articles_block (id, "order", page_id, type_id, number, ref_label) VALUES (50, 4, 12, 3, 33, NULL);
INSERT INTO articles_block (id, "order", page_id, type_id, number, ref_label) VALUES (49, 3, 12, 3, 32, NULL);
INSERT INTO articles_block (id, "order", page_id, type_id, number, ref_label) VALUES (48, 2, 12, 2, 31, NULL);
INSERT INTO articles_block (id, "order", page_id, type_id, number, ref_label) VALUES (46, 0, 12, 2, 30, NULL);
INSERT INTO articles_block (id, "order", page_id, type_id, number, ref_label) VALUES (127, 0, 33, 4, 101, NULL);
INSERT INTO articles_block (id, "order", page_id, type_id, number, ref_label) VALUES (126, 6, 32, 3, 100, NULL);
INSERT INTO articles_block (id, "order", page_id, type_id, number, ref_label) VALUES (125, 5, 32, 3, 99, NULL);
INSERT INTO articles_block (id, "order", page_id, type_id, number, ref_label) VALUES (124, 4, 32, 3, 98, NULL);
INSERT INTO articles_block (id, "order", page_id, type_id, number, ref_label) VALUES (123, 3, 32, 3, 97, 'theorem:transform-coords');
INSERT INTO articles_block (id, "order", page_id, type_id, number, ref_label) VALUES (122, 2, 32, 2, 96, 'def:transform-matrix');
INSERT INTO articles_block (id, "order", page_id, type_id, number, ref_label) VALUES (121, 1, 32, 2, 95, NULL);
INSERT INTO articles_block (id, "order", page_id, type_id, number, ref_label) VALUES (119, 4, 31, 3, 94, NULL);
INSERT INTO articles_block (id, "order", page_id, type_id, number, ref_label) VALUES (118, 3, 31, 3, 93, NULL);
INSERT INTO articles_block (id, "order", page_id, type_id, number, ref_label) VALUES (117, 2, 31, 3, 92, NULL);
INSERT INTO articles_block (id, "order", page_id, type_id, number, ref_label) VALUES (116, 1, 31, 2, 91, NULL);
INSERT INTO articles_block (id, "order", page_id, type_id, number, ref_label) VALUES (115, 0, 31, 2, 90, NULL);
INSERT INTO articles_block (id, "order", page_id, type_id, number, ref_label) VALUES (114, 1, 28, 4, 89, NULL);
INSERT INTO articles_block (id, "order", page_id, type_id, number, ref_label) VALUES (113, 0, 28, 3, 88, 'theorem:cramer');
INSERT INTO articles_block (id, "order", page_id, type_id, number, ref_label) VALUES (130, 2, 5, 8, 1, 'fig:sarrus');
INSERT INTO articles_block (id, "order", page_id, type_id, number, ref_label) VALUES (112, 0, 27, 4, 87, NULL);
INSERT INTO articles_block (id, "order", page_id, type_id, number, ref_label) VALUES (109, 1, 26, 6, 86, 'consequence:inverse-solved-system');
INSERT INTO articles_block (id, "order", page_id, type_id, number, ref_label) VALUES (108, 0, 26, 3, 85, NULL);
INSERT INTO articles_block (id, "order", page_id, type_id, number, ref_label) VALUES (107, 3, 25, 4, 84, NULL);
INSERT INTO articles_block (id, "order", page_id, type_id, number, ref_label) VALUES (101, 1, 24, 3, 83, NULL);
INSERT INTO articles_block (id, "order", page_id, type_id, number, ref_label) VALUES (100, 0, 24, 3, 82, 'theorem:gauss');
INSERT INTO articles_block (id, "order", page_id, type_id, number, ref_label) VALUES (82, 3, 20, 4, 64, NULL);
INSERT INTO articles_block (id, "order", page_id, type_id, number, ref_label) VALUES (81, 2, 20, 6, 63, 'consequence:reduk-r-lin-nezavisle');
INSERT INTO articles_block (id, "order", page_id, type_id, number, ref_label) VALUES (80, 1, 20, 2, 62, 'def:reduced-matrix');
INSERT INTO articles_block (id, "order", page_id, type_id, number, ref_label) VALUES (79, 0, 20, 2, 61, NULL);
INSERT INTO articles_block (id, "order", page_id, type_id, number, ref_label) VALUES (78, 7, 15, 7, 60, NULL);
INSERT INTO articles_block (id, "order", page_id, type_id, number, ref_label) VALUES (77, 6, 15, 6, 59, 'consequence:hodnost-eq-lin-nezavisle');
INSERT INTO articles_block (id, "order", page_id, type_id, number, ref_label) VALUES (13, 2, 3, 5, 7, NULL);
INSERT INTO articles_block (id, "order", page_id, type_id, number, ref_label) VALUES (11, 0, 3, 3, 6, NULL);
INSERT INTO articles_block (id, "order", page_id, type_id, number, ref_label) VALUES (10, 3, 2, 2, 5, 'def:matrix-multiplication');
INSERT INTO articles_block (id, "order", page_id, type_id, number, ref_label) VALUES (6, 5, 1, 2, 3, 'def:transposed');
INSERT INTO articles_block (id, "order", page_id, type_id, number, ref_label) VALUES (16, 1, 4, 2, 9, 'def:determinant');
INSERT INTO articles_block (id, "order", page_id, type_id, number, ref_label) VALUES (45, 1, 11, 4, 29, NULL);
INSERT INTO articles_block (id, "order", page_id, type_id, number, ref_label) VALUES (43, 5, 10, 3, 28, 'theorem:inverze-pomoci-arec');
INSERT INTO articles_block (id, "order", page_id, type_id, number, ref_label) VALUES (42, 4, 10, 2, 27, NULL);
INSERT INTO articles_block (id, "order", page_id, type_id, number, ref_label) VALUES (41, 3, 10, 3, 26, NULL);
INSERT INTO articles_block (id, "order", page_id, type_id, number, ref_label) VALUES (40, 2, 10, 3, 25, NULL);
INSERT INTO articles_block (id, "order", page_id, type_id, number, ref_label) VALUES (39, 1, 10, 6, 24, 'consequence:invertibilni-pk-det-nenulovy');
INSERT INTO articles_block (id, "order", page_id, type_id, number, ref_label) VALUES (38, 0, 10, 2, 23, 'def:inverse-matrix');
INSERT INTO articles_block (id, "order", page_id, type_id, number, ref_label) VALUES (37, 0, 9, 4, 22, NULL);
INSERT INTO articles_block (id, "order", page_id, type_id, number, ref_label) VALUES (35, 2, 8, 3, 21, NULL);
INSERT INTO articles_block (id, "order", page_id, type_id, number, ref_label) VALUES (34, 1, 8, 3, 20, 'theorem:laplaceova');
INSERT INTO articles_block (id, "order", page_id, type_id, number, ref_label) VALUES (33, 0, 8, 2, 19, NULL);
INSERT INTO articles_block (id, "order", page_id, type_id, number, ref_label) VALUES (32, 4, 7, 2, 18, NULL);
INSERT INTO articles_block (id, "order", page_id, type_id, number, ref_label) VALUES (31, 3, 7, 2, 17, NULL);
INSERT INTO articles_block (id, "order", page_id, type_id, number, ref_label) VALUES (30, 2, 7, 3, 16, 'theorem:det-scitani-sloupcu');
INSERT INTO articles_block (id, "order", page_id, type_id, number, ref_label) VALUES (29, 1, 7, 3, 15, NULL);
INSERT INTO articles_block (id, "order", page_id, type_id, number, ref_label) VALUES (28, 0, 7, 3, 14, NULL);
INSERT INTO articles_block (id, "order", page_id, type_id, number, ref_label) VALUES (27, 6, 6, 3, 13, NULL);
INSERT INTO articles_block (id, "order", page_id, type_id, number, ref_label) VALUES (26, 5, 6, 3, 12, NULL);
INSERT INTO articles_block (id, "order", page_id, type_id, number, ref_label) VALUES (25, 4, 6, 3, 11, NULL);
INSERT INTO articles_block (id, "order", page_id, type_id, number, ref_label) VALUES (23, 2, 6, 3, 10, 'theorem:detT-eq-det');

--
-- Data for Name: articles_block_translations; Type: TABLE DATA;
--

INSERT INTO articles_block_translations (id, content, block_id, language_id, title) VALUES (17, 'Determinant matice je součet $n!$ součinů, ve kterých je z každého řádku a každého sloupce matice $A$ právě jeden prvek, přičemž je každý ze součinů vynásoben znaménkem permutace (sgn $P$) určeným řádkovými a sloupcovými indexy prvků součinu. Sčítá se přes všechny permutace $$ P = \begin{pmatrix} 1 & 2 & \ldots & n \\ P(1) & P(2) & \ldots & P(n) \end{pmatrix} $$ množiny $\{1,2,\ldots,n\}$. \cite{becvar,rachunek}', 17, 1, '');
INSERT INTO articles_block_translations (id, content, block_id, language_id, title) VALUES (3, 'Užíváme termíny řádek matice a sloupec matice. Matice typu $n \times m$ má tedy $n$ řádků a $m$ sloupců.', 3, 1, '');
INSERT INTO articles_block_translations (id, content, block_id, language_id, title) VALUES (7, 'Důležitou roli hrají matice nad tělesy či okruhy. Pro takové matice definujeme sčítání a násobení. \cite{becvar}', 7, 1, '');
INSERT INTO articles_block_translations (id, content, block_id, language_id, title) VALUES (13, 'Chceme-li sčítání a násobení matic uvažovat jako binární operace, musíme zvolit vhodnou podmnožinu $M$ (například množinu $R^{n \times n}$ všech čtvercových matic řádu $n$). \cite{becvar}', 13, 1, '');
INSERT INTO articles_block_translations (id, content, block_id, language_id, title) VALUES (22, 'Sarrusovo pravidlo ale pro determinanty čtvercových matic stupňů vyšších než tři nemá tak přehlednou analogii. \cite{rachunek}', 22, 1, '');
INSERT INTO articles_block_translations (id, content, block_id, language_id, title) VALUES (18, 'Pro matice prvního a druhého řádu platí $$ \begin{vmatrix} a_{11} \end{vmatrix} = a_{11}, $$', 18, 1, '');
INSERT INTO articles_block_translations (id, content, block_id, language_id, title) VALUES (21, 'Ve výsledku tedy platí $$ \begin{vmatrix}  a_{11} & a_{12} & a_{13} \\ a_{21} & a_{22} & a_{23} \\ a_{31} & a_{32} & a_{33} \end{vmatrix} = a_{11}a_{22}a_{33}+a_{21}a_{32}a_{13}+a_{31}a_{12}a_{23} -a_{31}a_{22}a_{13}-a_{11}a_{32}a_{23}-a_{21}a_{12}a_{33}. $$', 21, 1, '');
INSERT INTO articles_block_translations (id, content, block_id, language_id, title) VALUES (11, 'Platí \cite{becvar}: \begin{enumerate} \item Sčítání matic je asociativní a komutativní. \item Násobení matic je asociativní. \item Násobení matic není komutativní. \item Násobení matic je distributivní vzhledem ke sčítání. \end{enumerate}', 11, 1, 'Vlastnosti sčítání a násobení matic');
INSERT INTO articles_block_translations (id, content, block_id, language_id, title) VALUES (19, '$$ \begin{vmatrix} a_{11} & a_{12} \\ a_{21} & a_{22} \end{vmatrix} = a_{11}a_{22}-a_{21}a_{12}. $$', 19, 1, '');
INSERT INTO articles_block_translations (id, content, block_id, language_id, title) VALUES (6, 'Nechť $A=(a_{ij})$ je matice typu $n \times m$, pak maticí transponovanou k matici $A$ nazýváme matici $A^T=(a_{ji})$ typu $m \times n$, která vznikne z matice $A$ překlopením matice $A$ podle hlavní diagonály, resp. záměnou řádků a sloupců. \cite{becvar,rachunek}', 6, 1, 'Transponovaná matice');
INSERT INTO articles_block_translations (id, content, block_id, language_id, title) VALUES (2, 'Nechť $X$ je neprázdná množina a $m, n \in \mathbb{N}$. Potom obdélníkové schéma $$ A_{n,m} = \begin{pmatrix} a_{11} & a_{12} & \cdots & a_{1m} \\ a_{21} & a_{22} & \cdots & a_{2m} \\ \vdots & \vdots & \ddots & \vdots \\ a_{n1} & a_{n2} & \cdots & a_{nm} \end{pmatrix}, $$ kde $a_{ij} \in X$ pro každé $i=1, \ldots, n$ a každé $j=1, \ldots,m$, se nazývá matice typu $n \times m$ nad množinou $X$, značeno též $(a_{ij})$. \cite{becvar}', 2, 1, 'Matice');
INSERT INTO articles_block_translations (id, content, block_id, language_id, title) VALUES (78, 'Čtvercová matice je regulární, je-li hodnost matice rovna jejímu řádu. \cite{becvar}', 78, 1, '');
INSERT INTO articles_block_translations (id, content, block_id, language_id, title) VALUES (33, 'Nechť $A=(a_{ij})$ je matice typu $n \times n$, pak subdeterminant dílčí matice $A_{ij}$ stupně $n-1$ vzniklé vynecháním $i$-tého řádku a $j$-tého sloupce $A$ nazýváme minor matice $A$ příslušný k prvku $a_{ij}$ a značíme jej $\mathcal{M}_{ij}$. \cite{rachunek} \break Algebraickým doplňkem prvku $a_{ij}$ nazýváme prvek $\mathcal{A}_{ij}=(-1)^{i+j}\mathcal{M}_{ij}$. \cite{rachunek}', 33, 1, 'Minor matice');
INSERT INTO articles_block_translations (id, content, block_id, language_id, title) VALUES (8, 'Dále budeme slovem okruh a symbolem $\mathcal{R}$ značit komutativní okruh $\mathcal{R}=(R,+,\cdot)$. Pro jednoduchost uvažujme matice nad okruhem $\mathcal{R}$.', 8, 1, '');
INSERT INTO articles_block_translations (id, content, block_id, language_id, title) VALUES (12, 'Nechť $M$ je množina všech matic nad okruhem $\mathcal{R}$. Sčítání ani násobení matic není binární operací na množině $M$, protože není definován součet ani součin libovolných dvou matic množiny $M$. Sčítání a násobení na množině $M$ jsou tzv. parciální operace. \cite{becvar}', 12, 1, '');
INSERT INTO articles_block_translations (id, content, block_id, language_id, title) VALUES (14, 'Nechť $A=(a_{ij})$ je matice typu $n \times m$ nad okruhem $\mathcal{R}$ a nechť $c \in R$ je libovolný prvek. Pro násobení tzv. skalárem $c$ platí $$ c \cdot A = (c \cdot a_{ij})\text{,} $$ pro každé $i=1, \ldots,n,$ $j=1, \ldots, m$. \cite{becvar}', 14, 1, 'Násobení matic skaláry');
INSERT INTO articles_block_translations (id, content, block_id, language_id, title) VALUES (34, 'Nechť $A=(a_{ij})$ je čtvercová matice řádu $n>1$ nad okruhem $\mathcal{R}$. Pro každé $j=1, \ldots, n$ je $$ \text{det}A=\sum_{i=1}^{n} a_{ij} \mathcal{A}_{ij}, $$ kde $\mathcal{A}_{ij}$ je algebraický doplněk prvku $a_{ij}$. \cite{becvar}', 34, 1, 'Laplaceova věta o rozvoji determinantu');
INSERT INTO articles_block_translations (id, content, block_id, language_id, title) VALUES (20, 'Determinant matice třetího řádu lze vypočítat podle tzv. Sarrusova pravidla. Pod determinant opíšeme jeho první dva řádky a vynásobíme diagonálně prvky podle obrázku \ref{fig:sarrus}. Výsledné součiny sečteme s odpovídajícími znaménky. \cite{becvar}', 20, 1, '');
INSERT INTO articles_block_translations (id, content, block_id, language_id, title) VALUES (35, 'Nechť $A, B$ jsou čtvercové matice téhož řádu nad okruhem $\mathcal{R}$. Pak platí $$\text{det}(A\cdot B)=\text{det}A \cdot \text{det}B\text{. \cite{becvar}}$$', 35, 1, 'Věta o násobení determinantů');
INSERT INTO articles_block_translations (id, content, block_id, language_id, title) VALUES (38, 'Nechť $\mathcal{R}$ je komutativní okruh s jednotkovým prvkem a $A$ je čtvercová matice řádu $n$ nad $\mathcal{R}$. Inverzní maticí k matici $A$ rozumíme matici $A^{-1}$, pro kterou platí $$A \cdot A^{-1} = A^{-1} \cdot A = E_{n} \text{. \cite{becvar}}$$ \break Matice $A$, ke které inverzní matice existuje, se nazývá invertibilní a také regulární.', 38, 1, 'Inverzní matice');
INSERT INTO articles_block_translations (id, content, block_id, language_id, title) VALUES (15, 'Uvažujme matice nad komutativním okruhem $\mathcal{R}$.', 15, 1, '');
INSERT INTO articles_block_translations (id, content, block_id, language_id, title) VALUES (16, 'Nechť $A=(a_{ij})$ je čtvercová matice řádu $n$ nad okruhem $\mathcal{R}$. Determinant $\det A$ matice $A$ definujeme $$ \det A = \sum_{P \in \mathbb{S}_n}^{} \text{sgn } P \cdot a_{1P(1)} \cdot a_{2P(2)}\cdot\ldots\cdot a_{nP(n)} \text{,}$$ kde $\mathbb{S}_n$ je symetrická grupa stupně $n$, $\text{sgn}P$ znaménko permutace $P$. \cite{becvar} \break Zapisujeme také pomocí schématu $$ \begin{vmatrix} a_{11} & a_{12} & \cdots & a_{1n} \\ a_{21} & a_{22} & \cdots & a_{2n} \\ \vdots & \vdots & \ddots & \vdots \\ a_{n1} & a_{n2} & \cdots & a_{nn} \end{vmatrix}. $$', 16, 1, 'Determinant matice');
INSERT INTO articles_block_translations (id, content, block_id, language_id, title) VALUES (24, 'Věta \ref{theorem:detT-eq-det} je významná pro práci s determinanty. Uvedeme-li tvrzení o determinantech matic taková, že se v jejich formulaci používají řádky matic, pak platí analogické tvrzení, ve kterých se používají sloupce matic. \cite{rachunek}', 24, 1, '');
INSERT INTO articles_block_translations (id, content, block_id, language_id, title) VALUES (25, 'Má-li čtvercová matice $A$ v některém řádku (sloupci) samé nuly, je determinant matice $A$ roven nule.', 25, 1, '');
INSERT INTO articles_block_translations (id, content, block_id, language_id, title) VALUES (26, 'Pokud má matice $A$ všechny prvky pod (nebo nad) hlavní diagonálou nulové, je determinant matice $A$ roven součinu prvků na hlavní diagonále.', 26, 1, '');
INSERT INTO articles_block_translations (id, content, block_id, language_id, title) VALUES (27, 'Vznikne-li matice $B$ ze čtvercové matice $A$ záměnou $i$-tého a $j$-tého řádku, kde $i \neq j$, potom $\text{det} B= -\text{det}A$. \cite{rachunek}', 27, 1, '');
INSERT INTO articles_block_translations (id, content, block_id, language_id, title) VALUES (28, 'Vznikne-li matice $B$ z matice $A$ provedením některé permutace $P$ na řádky matice $A$, pak $$ \text{det}B = \text{sgn} P \cdot \text{det}A\text{. \cite{rachunek}} $$', 28, 1, '');
INSERT INTO articles_block_translations (id, content, block_id, language_id, title) VALUES (29, 'Jestliže se v matici $A$ rovnají $i$-tý a $j$-tý řádek ($i \neq j$), pak $\text{det}A =0$. \cite{rachunek}', 29, 1, '');
INSERT INTO articles_block_translations (id, content, block_id, language_id, title) VALUES (32, 'Nechť $A=(a_{ij})$ je matice typu $n \times m$. Pak každou matici, která vznikne z matice $A$ vynecháním některých řádků a některých sloupců, nazýváme dílčí maticí matice $A$. \cite{rachunek} \break Je-li dílčí matice matice $A$ čtvercová, potom její determinant nazýváme subdeterminantem matice $A$. \cite{rachunek}', 32, 1, 'Dílčí matice a subdeterminant');
INSERT INTO articles_block_translations (id, content, block_id, language_id, title) VALUES (36, 'Pomocí uvedených vlastností determinantů lze vypočítat determinanty stupně $n$.', 36, 1, '');
INSERT INTO articles_block_translations (id, content, block_id, language_id, title) VALUES (37, '$$ \begin{vmatrix} 3 & -2 & 6 & -3 & 1 \\ 2 & 1 & 1 & 7 & -1 \\ 3 & -4 & 6 & -3 & 1 \\ 0 & 5 & 2 & 1 & 3 \\ 4 & -2 & 3 & 7 & -1 \end{vmatrix} = \begin{vmatrix} 0 & 2 & 0 & 0 & 0 \\ 2 & 1 & 1 & 7 & -1 \\ 3 & -4 & 6 & -3 & 1 \\ 0 & 5 & 2 & 1 & 3 \\ 4 & -2 & 3 & 7 & -1 \end{vmatrix} = (-1)^{1+2}\cdot 2 \cdot \begin{vmatrix} 2 & 1 & 7 & -1 \\ 3 & 6 & -3 & 1 \\ 0 & 2 & 1 & 3 \\ 4 & 3 & 7 & -1 \end{vmatrix} $$ $$ = -2 \cdot \begin{vmatrix} 2 & 1 & 7 & -1 \\ 3 & 6 & -3 & 1 \\ 0 & 2 & 1 & 3 \\ 2 & 2 & 0 & 0 \end{vmatrix} = -2 \cdot \begin{vmatrix} 2 & -1 & 7 & -1 \\ 3 & 3 & -3 & 1 \\ 0 & 2 & 1 & 3 \\ 2 & 0 & 0 & 0 \end{vmatrix} = -2 \cdot (-1)^{4+1} \cdot 2 \cdot \begin{vmatrix} -1 & 7 & -1 \\ 3 & -3 & 1 \\ 2 & 1 & 3 \end{vmatrix} $$ $$ = 4 \cdot ((-1)\cdot (-3) \cdot (3) + 3\cdot 1 \cdot (-1) + 2\cdot 7 \cdot 1 - (-1)\cdot (-3)\cdot 2 - 1 \cdot 1 \cdot (-1) - 3 \cdot 7 \cdot 3) $$ $$ = 4 \cdot (-48) = -192 $$ \break Postup řešení: \begin{enumerate} \item od 1. řádku odečteme 3. řádek (podle věty \ref{theorem:det-scitani-sloupcu}), \item provedeme Laplaceův rozvoj podle prvků 1. řádku (podle věty \ref{theorem:laplaceova}), \item od 4. řádku odečteme 1. řádek, \item od 2. sloupce odečteme 1. sloupec, \item provedeme Laplaceův rozvoj podle 4. řádku, \item použijeme Sarrusovo pravidlo pro determinant stupně 3. \end{enumerate}', 37, 1, 'Determinant řádu 5');
INSERT INTO articles_block_translations (id, content, block_id, language_id, title) VALUES (39, 'Matice $A$ je nad tělesem invertibilní právě když je determinant matice $A$ nenulový. \cite{becvar,rachunek}', 39, 1, '');
INSERT INTO articles_block_translations (id, content, block_id, language_id, title) VALUES (71, 'Nechť $A\in M_{m,n}(T)$. Řádky budeme uvažovat jako řádkové vektory z aritmetického vektorového prostoru $\mathcal{T}^n=(T^n,+,T,\cdot)$.', 71, 1, '');
INSERT INTO articles_block_translations (id, content, block_id, language_id, title) VALUES (44, 'Mějme čtvercovou matici $A$ řádu $n>1$ nad tělesem. Inverzní matici k matici $A$ lze vypočítat pomocí věty \ref{theorem:inverze-pomoci-arec}. Platí tedy $$ A^{-1}=\frac{1}{\text{det}A} \begin{pmatrix} \mathcal{A}_{11} & \mathcal{A}_{21} & \cdots & \mathcal{A}_{n1} \\ \mathcal{A}_{12} & \mathcal{A}_{22} & \cdots & \mathcal{A}_{n2} \\ \vdots & \vdots & \ddots & \vdots \\ \mathcal{A}_{1n} & \mathcal{A}_{2n} & \cdots & \mathcal{A}_{nn} \end{pmatrix}\text{. \cite{kolarik}} $$', 44, 1, '');
INSERT INTO articles_block_translations (id, content, block_id, language_id, title) VALUES (84, 'Nechť $M=\{u_1,\ldots,u_n\}$ je báze vektorového prostoru $\mathcal{V}=(V,+,T,\cdot)$. Pak lze každý vektor $v\in V$ vyjádřit právě jedním způsobem jako lineární kombinaci vektorů $u_1,\ldots,u_n$. \cite{rachunek,kolarik}', 84, 1, '');
INSERT INTO articles_block_translations (id, content, block_id, language_id, title) VALUES (85, 'Je-li $M=\{u_1,\ldots,u_n\}$ množina generátorů vektorového prostoru $\mathcal{V}$, pak existuje množina $M'' \subseteq M$, která je bází $\mathcal{V}$. \cite{kolarik,rachunek}', 85, 1, '');
INSERT INTO articles_block_translations (id, content, block_id, language_id, title) VALUES (86, 'Je-li $\mathcal{V}\neq \mathcal{O}$ vektorový prostor konečné dimenze, pak počet prvků jeho libovolné báze nazýváme dimenze vektorového prostoru $\mathcal{V}$, značíme $\text{dim}\mathcal{V}$. Je-li $\mathcal{V}=\mathcal{O}$, pak $\text{dim}\mathcal{O}=0$. \cite{rachunek,kolarik}', 86, 1, 'Dimenze vektorového prostoru');
INSERT INTO articles_block_translations (id, content, block_id, language_id, title) VALUES (23, 'Pro každou čtvercovou matici $A=(a_{ij})$ nad okruhem $\mathcal{R}$ platí $$ \text{det} A^T = \text{det} A \text{. \cite{rachunek}} $$', 23, 1, '');
INSERT INTO articles_block_translations (id, content, block_id, language_id, title) VALUES (30, 'Přičteme-li k nějakému sloupci (řádku) matice $A$ $c$-násobek nějakého jiného sloupce (řádku), kde $c \in R$, je determinant vzniklé matice roven determinantu matice $A$. \cite{becvar} \break Přičteme-li k nějakému sloupci (řádku) matice $A$ lineární kombinaci ostatních sloupců (řádků) matice $A$ s koeficienty $c \in R$, je determinant vzniklé matice roven determinantu matice $A$. \cite{becvar}', 30, 1, '');
INSERT INTO articles_block_translations (id, content, block_id, language_id, title) VALUES (41, 'Jestliže je $A$ čtvercová invertibilní matice nad komutativním okruhem $\mathcal{R}$, pak je matice $A^T$ rovněž invertibilní a platí $$ (A^T)^{-1}=(A^{-1})^T\text{. \cite{becvar}} $$', 41, 1, '');
INSERT INTO articles_block_translations (id, content, block_id, language_id, title) VALUES (42, 'Nechť $A=(a_{ij})$ je čtvercová matice řádu $n>1$ nad okruhem $\mathcal{R}$. Reciprokou maticí k matici $A$ rozumíme matici $A_{\text{rec}}$ řádu $n$, ve které na pozici $ij$ stojí algebraický doplněk prvku $a_{ji}$ matice $A$, tj. prvek $\mathcal{A}_{ji}=(-1)^{i+j}\text{ det} A_{ji}$. \cite{becvar}', 42, 1, 'Reciproká matice');
INSERT INTO articles_block_translations (id, content, block_id, language_id, title) VALUES (43, 'Nechť $\mathcal{R}$ je okruh s jednotkovým prvkem a $A$ čtvercová matice nad okruhem $\mathcal{R}$. Matice $A$ je invertibilní právě když je její determinant $\text{det} A$ invertibilním prvkem okruhu $\mathcal{R}$. Nastane-li tento případ, platí $$A^{-1}=(\text{det} A)^{-1}\cdot A_{\text{rec}} \text{. \cite{becvar}}$$', 43, 1, '');
INSERT INTO articles_block_translations (id, content, block_id, language_id, title) VALUES (40, 'Nechť $\mathcal{R}$ je komutativní okruh s jednotkovým prvkem a $A, B$ invertibilní matice téhož řádu nad $\mathcal{R}$. Pak je matice $A \cdot B$ také invertibilní a platí $$ (A\cdot B)^{-1}=B^{-1}\cdot A^{-1}\text{. \cite{becvar}} $$', 40, 1, '');
INSERT INTO articles_block_translations (id, content, block_id, language_id, title) VALUES (45, 'Určete inverzní matici k matici $$ A= \begin{pmatrix} 3 & 2 & 0 \\ 5 & 4 & 1 \\ 1 & 2 & 5 \end{pmatrix}. $$ Podle Sarrusova pravidla: $\text{det}A=6$. Matice je tedy invertibilní (podle důsledku \ref{consequence:invertibilni-pk-det-nenulovy}). Dále vypočítáme potřebné algebraické doplňky. $$ \mathcal{A}_{11}=(-1)^{1+1}\cdot \begin{vmatrix} 4 & 1 \\ 2 & 5 \end{vmatrix} = 18\text{, } \mathcal{A}_{21}=(-1)^{2+1}\cdot \begin{vmatrix} 2 & 0 \\ 2 & 5 \end{vmatrix} = -10\text{, } $$ $$ \mathcal{A}_{31}=(-1)^{3+1}\cdot \begin{vmatrix} 2 & 0 \\ 4 & 1 \end{vmatrix} = 2\text{, } \mathcal{A}_{12}=(-1)^{1+2}\cdot \begin{vmatrix} 5 & 1 \\ 1 & 5 \end{vmatrix} = -24\text{, } $$ $$ \mathcal{A}_{22}=(-1)^{2+2}\cdot \begin{vmatrix} 3 & 0 \\ 1 & 5 \end{vmatrix} = 15\text{, } \mathcal{A}_{32}=(-1)^{3+2}\cdot \begin{vmatrix} 3 & 0 \\ 5 & 1 \end{vmatrix} = -3\text{, } $$ $$ \mathcal{A}_{13}=(-1)^{1+3}\cdot \begin{vmatrix} 5 & 4 \\ 1 & 2 \end{vmatrix} = 6\text{, } \mathcal{A}_{23}=(-1)^{2+3}\cdot \begin{vmatrix} 3 & 2 \\ 1 & 2 \end{vmatrix} = -4\text{, } $$ $$ \mathcal{A}_{33}=(-1)^{3+3}\cdot \begin{vmatrix} 3 & 2 \\ 5 & 4 \end{vmatrix} = 2\text{, } $$ Nakonec podle věty \ref{theorem:inverze-pomoci-arec} určíme inverzní matici: $$ A^{-1}=\frac{1}{6} \begin{pmatrix} 18 & -10 & 2 \\ -24 & 15 & -3 \\ 6 & -4 & 2 \end{pmatrix}= \begin{pmatrix} 3 & \frac{-5}{3} & \frac{1}{3} \\ -4 & \frac{5}{2} & \frac{-1}{2} \\ 1 & \frac{-2}{3} & \frac{1}{3} \end{pmatrix} $$', 45, 1, 'Výpočet inverzní matice pomocí reciproké matice');
INSERT INTO articles_block_translations (id, content, block_id, language_id, title) VALUES (46, 'Nechť $A$ je matice nad tělesem $\mathcal{T}=(T,+,\cdot)$. Elementárními řádkovými transformacemi matice $A$ nazýváme operace \cite{kolarik}:\begin{enumerate} \item výměnu libovolných dvou řádků v matici $A$, \item vynásobení některého řádku v matici $A$ skalárem $c\in T, c\neq 0$, \item přičtení libovolného násobku některého řádku z $A$ k libovolnému řádku matice $A$. \end{enumerate}', 46, 1, 'Elementární řádkové transformace');
INSERT INTO articles_block_translations (id, content, block_id, language_id, title) VALUES (47, 'Nyní uvažujme množinu $M_n(T)$ čtvercových matic $n$-tého stupně nad tělesem $\mathcal{T}=(T,+,\cdot)$.', 47, 1, '');
INSERT INTO articles_block_translations (id, content, block_id, language_id, title) VALUES (48, 'Nechť je dána libovolná elementární řádková transformace čtvercové matice $n$-tého stupně. Pak maticí této elementární transformace rozumíme matici, která vznikne z jednotkové matice $n$-tého stupně použitím této transformace. \cite{rachunek}', 48, 1, '');
INSERT INTO articles_block_translations (id, content, block_id, language_id, title) VALUES (51, 'Je-li $A\in M_n(T)$ regulární, pak je možno pomocí elementárních řádkových transformací přejít od matice $A$ k matici $E$. Zároveň pomocí stejných transformací přejdeme od matice $E$ k matici $A^{-1}$. \cite{rachunek}', 51, 1, '');
INSERT INTO articles_block_translations (id, content, block_id, language_id, title) VALUES (52, 'Při výpočtu inverzní matice sestavíme matici $(A|E)$ typu $n\times 2n$, kterou převedeme řádkovými elementárními transformacemi na matici $(E|B)$. Matice $B$ je součinem elementárních transformačních matic, které odpovídají použitým řádkovým úpravám. Víme tedy, že $B=A^{-1}$. \cite{becvar}', 52, 1, '');
INSERT INTO articles_block_translations (id, content, block_id, language_id, title) VALUES (70, 'Mějme vektorový prostor $\mathcal{V}=(V,+,T,\cdot)$ a množinu $\emptyset \neq M \subseteq V$. Je-li $L(M)=V$, pak říkáme, že $M$ je množina generátorů prostoru $\mathcal{V}$, respektive že množina $M$ generuje prostor $\mathcal{V}$. \cite{kolarik,becvar} \break Řekneme, že prostor $\mathcal{V}$ je konečné dimenze (nebo také konečně generovaný), existuje-li konečná množina, která ho generuje. V opačném případě se nazývá nekonečně generovaný. \cite{kolarik,becvar}', 70, 1, 'Množina generátorů vektorového prostoru');
INSERT INTO articles_block_translations (id, content, block_id, language_id, title) VALUES (72, 'Řádkovým podprostorem matice $A$ rozumíme podprostor prostoru $\mathcal{T}^n$ ge-nerovaný všemi řádkovými vektory matice $A$. \cite{kolarik}', 72, 1, 'Řádkový podprostor matice');
INSERT INTO articles_block_translations (id, content, block_id, language_id, title) VALUES (74, 'Hodnost matice $A \in M_{m,n}(T)$ je dimenze řádkového podprostoru matice $A$ v aritmetickém vektorovém prostoru $\mathcal{T}^n$, značíme $h(A)$. \cite{kolarik,rachunek}', 74, 1, 'Hodnost matice');
INSERT INTO articles_block_translations (id, content, block_id, language_id, title) VALUES (76, 'Hodnost matice $A$ je rovna maximálnímu stupni nenulového subdeterminantu matice $A$. \cite{kolarik,rachunek}', 76, 1, '');
INSERT INTO articles_block_translations (id, content, block_id, language_id, title) VALUES (77, 'Hodnost matice $A$ je rovna maximálnímu počtu lineárně nezávislých sloupců matice $A$. \cite{kolarik,rachunek}', 77, 1, '');
INSERT INTO articles_block_translations (id, content, block_id, language_id, title) VALUES (82, 'Určete hodnost matice $$ A=\begin{pmatrix} 1 & 2 & 6 \\ 1 & 4 & 2 \\ 3 & -2 & 7 \\ 2 & -6 & 5 \end{pmatrix}. $$ Matici převedeme na redukovaný trojúhelníkový tvar: $$ \begin{pmatrix} 1 & 2 & 6 \\ 1 & 4 & 2 \\ 3 & -2 & 7 \\ 2 & -6 & 5 \end{pmatrix}\sim \begin{pmatrix} 1 & 2 & 6 \\ 1 & 4 & 2 \\ 3 & -2 & 7 \\ 3 & -2 & 7 \end{pmatrix}\sim \begin{pmatrix} 1 & 2 & 6 \\ 0 & 2 & -4 \\ 3 & -2 & 7 \\ 0 & 0 & 0 \end{pmatrix}\sim \begin{pmatrix} 1 & 2 & 6 \\ 0 & 2 & -4 \\ 0 & -8 & -11 \\ 0 & 0 & 0 \end{pmatrix} $$ $$ \begin{pmatrix} 1 & 2 & 6 \\ 0 & 2 & -4 \\ 0 & -8 & -11 \\ 0 & 0 & 0 \end{pmatrix}\sim \begin{pmatrix} 1 & 2 & 6 \\ 0 & 2 & -4 \\ 0 & 0 & -27 \\ 0 & 0 & 0 \end{pmatrix}\sim \begin{pmatrix} 1 & 0 & 10 \\ 0 & 1 & -2 \\ 0 & 0 & 1 \\ 0 & 0 & 0 \end{pmatrix}\sim \begin{pmatrix} 1 & 0 & 0 \\ 0 & 1 & 0 \\ 0 & 0 & 1 \\ 0 & 0 & 0 \end{pmatrix}. $$ Podle důsledků \ref{consequence:hodnost-eq-lin-nezavisle} a \ref{consequence:reduk-r-lin-nezavisle} víme, že počet nenulových řádků redukované matice odpovídá její hodnosti, tudíž $$ h(A)=3. $$ \break Hodnost matice lze určit i podle věty \ref{theorem:hodnost-eq-max-subdet} pomocí subdeterminantů: $$ \begin{vmatrix} 1 & 2 \\ 1 & 4\\ \end{vmatrix}=2,\;\; \begin{vmatrix} 1 & 2 & 6 \\ 1 & 4 & 2 \\ 3 & -2 & 7 \\ \end{vmatrix}=-54. $$ Maximální stupeň nenulového subdeterminantu matice $A$ je $3$, tudíž $h(A)=3$.', 82, 1, '');
INSERT INTO articles_block_translations (id, content, block_id, language_id, title) VALUES (83, 'Bází vektorového prostoru $\mathcal{V}$ konečné dimenze rozumíme libovolnou lineárně nezávislou množinu $\{u_1,\ldots,u_n\}$ jeho generátorů. \cite{kolarik,rachunek}', 83, 1, 'Báze vektorového prostoru');
INSERT INTO articles_block_translations (id, content, block_id, language_id, title) VALUES (73, 'Matice $A,B \in M_{m,n}(T)$ jsou řádkově ekvivalentní, pokud lze získat $B$ z $A$ pomocí konečného počtu elementárních řádkových operací, zapisujeme $A\sim B$. \cite{kolarik}', 73, 1, 'Řádkově ekvivalentní matice');
INSERT INTO articles_block_translations (id, content, block_id, language_id, title) VALUES (79, 'Matice $A=(a_{ij})$ typu $n \times m$ nad tělesem $\mathcal{T}$ se nazývá odstupňovaná, platí-li pro její prvky: \break \begin{enumerate} \item je-li $n>1$, pak $a_{21}=0$, \item pokud pro některé $i\in \{1,\ldots,n-1\}$, $k\in \{1,\ldots,m-1\}$ je $$a_{i,1}=a_{i,2}=\ldots=a_{i,k}=0,$$ pak též $$a_{i+1,1}=a_{i+1,2}=\ldots=a_{i+1,k+1}=0.$$ \end{enumerate} \break V odstupňované matici každý nenulový řádek začíná větším počtem nul, než předcházející. \cite{becvar}', 79, 1, 'Odstupňovaná matice');
INSERT INTO articles_block_translations (id, content, block_id, language_id, title) VALUES (53, 'Určete inverzní matici k matici $$ A= \begin{pmatrix} 1 & 2 & 1 \\ 3 & 2 & 5 \\ 2 & 2 & 2 \end{pmatrix}. $$ Podle Sarrusova pravidla: $\text{det} A=4$, matice je invertibilní. Následně sestavíme matici $(A|E)$: $$ \left( \begin{matrix} 1 & 2 & 1 \\ 3 & 2 & 5 \\ 2 & 2 & 2 \end{matrix} \, \middle\vert \, \begin{matrix} 1 & 0 & 0\\ 0 & 1 & 0\\ 0 & 0 & 1 \end{matrix} \right) $$ Od druhého řádku odečteme trojnásobek prvního a od třetího řádku odečteme dvojnásobek prvního. Dostaneme matici: $$ \left( \begin{matrix} 1 & 2 & 1 \\ 0 & -4 & 2 \\ 0 & -2 & 0 \end{matrix} \, \middle\vert \, \begin{matrix} 1 & 0 & 0\\ -3 & 1 & 0\\ -2 & 0 & 1 \end{matrix} \right) $$ Od druhého řádku odečteme dvojnásobek třetího: $$ \left( \begin{matrix} 1 & 2 & 1 \\ 0 & 0 & 2 \\ 0 & -2 & 0 \end{matrix} \, \middle\vert \, \begin{matrix} 1 & 0 & 0\\ 1 & 1 & -2\\ -2 & 0 & 1 \end{matrix} \right) $$ Následně k prvnímu řádku přičteme třetí a zaměníme druhý a třetí řádek. Dostaneme matici: $$ \left( \begin{matrix} 1 & 0 & 1 \\ 0 & -2 & 0 \\ 0 & 0 & 2 \end{matrix} \, \middle\vert \, \begin{matrix} -1 & 0 & 1\\ -2 & 0 & 1\\ 1 & 1 & -2 \end{matrix} \right) $$ Druhý řádek vynásobíme $\frac{-1}{2}$ a třetí řádek vynásobíme $\frac{1}{2}$: $$ \left( \begin{matrix} 1 & 0 & 1 \\ 0 & 1 & 0 \\ 0 & 0 & 1 \end{matrix} \, \middle\vert \, \begin{matrix} -1 & 0 & 1\\ 1 & 0 & -\frac{1}{2}\\ \frac{1}{2} & \frac{1}{2} & -1 \end{matrix} \right) $$ Nakonec od prvního řádku odečteme třetí: $$ \left( \begin{matrix} 1 & 0 & 0 \\ 0 & 1 & 0 \\ 0 & 0 & 1 \end{matrix} \, \middle\vert \, \begin{matrix} -\frac{3}{2} & -\frac{1}{2} & 2\\ 1 & 0 & -\frac{1}{2}\\ \frac{1}{2} & \frac{1}{2} & -1 \end{matrix} \right), $$ $$ A^{-1}= \begin{pmatrix} -\frac{3}{2} & -\frac{1}{2} & 2\\ 1 & 0 & -\frac{1}{2}\\ \frac{1}{2} & \frac{1}{2} & -1 \end{pmatrix} $$', 53, 1, 'Výpočet inverzní matice pomocí elementárních transformací');
INSERT INTO articles_block_translations (id, content, block_id, language_id, title) VALUES (55, 'Nechť je $\mathcal{V}=(V,+,T,\cdot)$ vektorový prostor nad tělesem $\mathcal{T}=(T,+,\cdot)$ a $v,u_1,\ldots,u_k \in V$. Pak řekneme, že vektor $v$ je lineární kombinací vektorů $u_1,\ldots,u_k$ existují-li skaláry $c_1,\ldots,c_k \in T$ takové, že $$ v=\sum_{i=1}^{k} c_i \cdot u_i \text{. \cite{rachunek,kolarik}} $$', 55, 1, 'Lineární kombinace vektorů');
INSERT INTO articles_block_translations (id, content, block_id, language_id, title) VALUES (56, 'Nechť $u_1,\ldots,u_k$ jsou libovolné vektory z vektorového prostoru $\mathcal{V}$ nad tělesem $\mathcal{T}$. Pak jejich triviální nulovou kombinaci $$o=0\cdot u_1+\ldots +0\cdot u_k$$ nazýváme nulový vektor. Každou jejich jinou nulovou lineární kombinaci budeme nazývat netriviální nulová kombinace. \cite{rachunek,kolarik}', 56, 1, 'Nulový vektor');
INSERT INTO articles_block_translations (id, content, block_id, language_id, title) VALUES (58, 'Vektory $u_1,\ldots,u_k$ z vektorového prostoru $\mathcal{V}$ se nazývají lineárně závislé, existuje-li alespoň jedna jejich netriviální nulová kombinace. \break V opačném případě se vektory $u_1,\ldots,u_k$ nazývají lineárně nezávislé. \cite{rachunek,kolarik}', 58, 1, 'Lineární závislost vektorů');
INSERT INTO articles_block_translations (id, content, block_id, language_id, title) VALUES (59, 'Jsou-li ve vektorovém prostoru $\mathcal{V}$ mezi vektory $u_1,\ldots,u_m \in V$ některé lineárně závislé, pak jsou $u_1,\ldots,u_m$ lineárně závislé. \cite{rachunek,kolarik}', 59, 1, '');
INSERT INTO articles_block_translations (id, content, block_id, language_id, title) VALUES (60, 'Je-li mezi vektory $u_1,\ldots,u_m$ nulový vektor $o$, pak jsou $u_1,\ldots,u_m$ lineárně závislé. \cite{kolarik}', 60, 1, '');
INSERT INTO articles_block_translations (id, content, block_id, language_id, title) VALUES (61, 'Jsou-li vektory $u_1,\ldots,u_m \in V$ lineárně nezávislé a je-li $\{u_{ji},\ldots,u_{jk}\} \subseteq \{u_1,\ldots,u_m\}$, pak jsou lineárně nezávislé také vektory $u_{ji},\ldots,u_{jk}$. \cite{rachunek,kolarik}', 61, 1, '');
INSERT INTO articles_block_translations (id, content, block_id, language_id, title) VALUES (62, 'Jsou-li $u_1,\ldots,u_m \in V$ vektory z vektorového prostoru $\mathcal{V}=(V,+,T,\cdot)$, pak jsou tyto vektory lineárně závislé právě když je alespoň jeden z nich lineární kombinací ostatních vektorů. \cite{rachunek,kolarik}', 62, 1, '');
INSERT INTO articles_block_translations (id, content, block_id, language_id, title) VALUES (64, 'Nechť $\mathcal{V}=(V,+,T,\cdot)$ je vektorový prostor nad tělesem $\mathcal{T}=(T,+,\cdot)$, nechť $W \subseteq V$. Pak $\mathcal{W}=(W,+,T,\cdot)$ nazveme vektorovým podprostorem vektorového prostoru $\mathcal{V}$ právě když platí: \begin{enumerate} \item \begin{tabular}{m{3cm}} $W\neq \emptyset$,\\ \end{tabular} \item \begin{tabular}{m{3cm} l} $\forall u,v \in W$ & $u+v \in W$,\\ \end{tabular} \item \begin{tabular}{m{3cm} l} $\forall u \in W, \forall a \in T$ & $a \cdot u \in W$. \cite{becvar,kolarik}\\ \end{tabular} \end{enumerate} \break Každý vektorový prostor $\mathcal{V}$ je zřejmě podprostorem sám v sobě. Tento podprostor nazýváme nevlastní, všechny ostatní podprostory prostoru $\mathcal{V}$ se nazývají vlastní. \cite{becvar} \break Jednoprvková množina obsahující nulový vektor $o \in V$ je též podprostorem prostoru $\mathcal{V}$, nazývá se nulový nebo triviální podprostor, značí se $\mathcal{O}$, a je nejmenší možný vektorový podprostor. Ostatní podprostory prostoru $\mathcal{V}$ se nazývají nenulové nebo netriviální. \cite{becvar,kolarik}', 64, 1, 'Vektorový podprostor');
INSERT INTO articles_block_translations (id, content, block_id, language_id, title) VALUES (66, 'Průnik neprázdné množiny podprostorů vektorového prostoru $\mathcal{V}$ nad tělesem $\mathcal{T}$ je podprostorem prostoru $\mathcal{V}$. \cite{becvar}', 66, 1, '');
INSERT INTO articles_block_translations (id, content, block_id, language_id, title) VALUES (67, 'Nechť $\mathcal{V}=(V,+,T,\cdot)$ je vektorový prostor a $M\subseteq V$. Průnik všech podprostorů prostoru $\mathcal{V}$, které množinu $M$ obsahují, nazveme lineární obal množiny $M$ a označíme $L(M)$ (nebo $[M]$). \cite{becvar,kolarik}', 67, 1, 'Lineární obal množiny ve vektorovém prostoru');
INSERT INTO articles_block_translations (id, content, block_id, language_id, title) VALUES (69, 'Nechť $\mathcal{V}=(V,+,T,\cdot)$ je vektorový prostor a $\emptyset \neq M \subseteq V$. Pak $(L(M),+,T,\cdot)$ je právě vektorový podprostor $\mathcal{M}=(L(M),+,T,\cdot)$ generovaný neprázdnou množinou $M$. \cite{kolarik}', 69, 1, '');
INSERT INTO articles_block_translations (id, content, block_id, language_id, title) VALUES (54, 'Nechť $(V,+)$ je abelovská grupa a $\mathcal{T}=(T,+,\cdot)$ je komutativní těleso. Nechť je dáno zobrazení $T \times V \to V$, značeno symbolem „$\cdot$“. Nechť dále platí $\forall u,v \in V$, $\forall a,b \in T$: \begin{enumerate} \item $a\cdot (u+v)=a\cdot u + a\cdot v$, \item $(a+b)\cdot u=a\cdot u+b\cdot u$, \item $(a\cdot b)\cdot u=a\cdot (b\cdot u)$, \item $1\cdot u = u$. \end{enumerate} Pak budeme říkat, že $\mathcal{V}$ je vektorový prostor nad tělesem $\mathcal{T}$. Prvky množiny $V$ budeme nazývat vektory, prvky množiny $T$ skaláry. \cite{becvar,kolarik}', 54, 1, 'Vektorový prostor');
INSERT INTO articles_block_translations (id, content, block_id, language_id, title) VALUES (80, 'Matice $A$ se nazývá redukovaná, je-li první nenulový prvek každého nenulového řádku v $A$ roven $1$ a jestliže v každém sloupci obsahujícím takový prvek některého řádku jsou všechny zbývající prvky rovny $0$. \cite{kolarik}', 80, 1, 'Redukovaná matice');
INSERT INTO articles_block_translations (id, content, block_id, language_id, title) VALUES (81, 'Nenulové řádky redukované matice jsou lineárně nezávislé. \cite{kolarik}', 81, 1, '');
INSERT INTO articles_block_translations (id, content, block_id, language_id, title) VALUES (4, 'Je-li $r=\text{min}\{m,n\}$, pak prvky $a_{11}, a_{22}, \ldots, a_{rr}$ tvoří hlavní diagonálu a prvky $a_{1,n}, a_{2,n-1}, \ldots, a_{r,n-(r-1)}$ tvoří vedlejší diagonálu matice $A$. \cite{rachunek}', 4, 1, '');
INSERT INTO articles_block_translations (id, content, block_id, language_id, title) VALUES (87, 'Nechť $\{u_1,\ldots,u_n\}$ je množina generátorů vektorového prostoru $\mathcal{V}=(V,+,T,\cdot)\neq~\mathcal{O}$ a $v_1,\ldots,v_k \in V$ jsou lineárně nezávislé vektory. Pak $k\leq n$ a při vhodném očíslování vektorů z množiny $\{u_1,\ldots, u_k\}$ je množina $\{v_1, \ldots,v_k,u_{k+1},\ldots,u_n\}$ množinou generátorů prostoru $\mathcal{V}$. \cite{kolarik,rachunek}', 87, 1, 'Steinitzova věta o výměně bází');
INSERT INTO articles_block_translations (id, content, block_id, language_id, title) VALUES (88, 'Je-li $\mathcal{V}$ nenulový vektorový prostor konečné dimenze, pak každé dvě jeho báze mají stejný počet prvků. \cite{kolarik,rachunek}', 88, 1, '');
INSERT INTO articles_block_translations (id, content, block_id, language_id, title) VALUES (89, 'Nechť množina $\{u_1,\ldots,u_n\}$ generuje $\mathcal{V}=([\{u_1,\ldots,u_n\}],+,T,\cdot)$ a $v_1,\ldots,v_k~\in~V$. Je-li $k>n$, pak jsou vektory $v_1,\ldots,v_k$ lineárně závislé. \cite{kolarik,rachunek}', 89, 1, '');
INSERT INTO articles_block_translations (id, content, block_id, language_id, title) VALUES (90, 'Nechť $\mathcal{V}=([\{u_1,\ldots,u_n\}],+,T,\cdot)$, pak $\text{dim}\mathcal{V}\leq n$. \cite{rachunek,kolarik}', 90, 1, '');
INSERT INTO articles_block_translations (id, content, block_id, language_id, title) VALUES (91, 'Nechť $\mathcal{V}$ je vektorový prostor konečné dimenze $\text{dim}\mathcal{V}=n$. Pak každá množina $u_1,\ldots,u_k \in V$ lineárně nezávislých vektorů je obsažena v některé bázi prostoru $\mathcal{V}$. \cite{kolarik,rachunek}', 91, 1, '');
INSERT INTO articles_block_translations (id, content, block_id, language_id, title) VALUES (92, 'Nechť $\mathcal{V}=(V,+,T,\cdot)$, $\text{dim}\mathcal{V}=n$ a $u_1,\ldots,u_n \in V$. Pak jsou následující podmínky ekvivalentní \cite{kolarik,rachunek}: \begin{enumerate} \item $u_1,\ldots,u_n$ jsou lineárně nezávislé, \item množina $\{u_1,\ldots,u_n\}$ generuje prostor $\mathcal{V}$, \item množina $\{u_1,\ldots,u_n\}$ je báze prostoru $\mathcal{V}$. \end{enumerate}', 92, 1, '');
INSERT INTO articles_block_translations (id, content, block_id, language_id, title) VALUES (93, 'Je dán vektorový prostor $\mathcal{W}=(L(M),+,T,\cdot)$ generovaný množinou $$ M=\{(3, 2, 1, 7), (-6, 4, 0, 1), (12, 8, 4, 28), (3, 10, 3, 22)\}. $$ Nalezněte bázi vektorového prostoru $\mathcal{W}$. \break Vektory generující $\mathcal{W}$ zapíšeme do matice, kterou následně převedeme na redukovaný trojúhelníkový tvar: $$ \begin{pmatrix} 3 & 2 & 1 & 7 \\ -6 & 4& 0& 1\\ 12&8&4&28\\ 3&10&3&22 \end{pmatrix}\sim \begin{pmatrix} 3 & 2 & 1 & 7 \\ 0 & 8 & 2 & 15\\ 12 & 8 & 4 & 28 \\ 0 & 8 & 2 & 15 \end{pmatrix}\sim \begin{pmatrix} 3 & 2 & 1 & 7 \\ 0 & 8 & 2 & 15\\ 0 & 0 & 0 & 0 \\ 0 & 0 & 0 & 0 \end{pmatrix} $$ Podle důsledku \ref{consequence:reduk-r-lin-nezavisle} víme, že jsou nenulové řádky matice lineárně nezávislé a tvoří tedy bázi vektorového prostoru $\mathcal{W}$. Báze $B=\{(3, 2, 1, 7), (0, 8, 2, 15)\}$.', 93, 1, '');
INSERT INTO articles_block_translations (id, content, block_id, language_id, title) VALUES (95, 'Nechť je dána soustava lineárních rovnic. Pak matici $$ A = \begin{pmatrix} a_{11} & a_{12} & \cdots & a_{1m} \\ a_{21} & a_{22} & \cdots & a_{2m} \\ \vdots & \vdots & \ddots & \vdots \\ a_{n1} & a_{n2} & \cdots & a_{nm} \end{pmatrix} $$ nazýváme matice soustavy, $$y^T=\begin{pmatrix} y_1 \\ \vdots \\ y_n \end{pmatrix}$$ nazýváme sloupec pravých stran a matici $$ (A\vert y^T)=\left( \begin{matrix} a_{11} & a_{12} & \cdots & a_{1m} \\ a_{21} & a_{22} & \cdots & a_{2m} \\ \vdots & \vdots & \ddots & \vdots \\ a_{n1} & a_{n2} & \cdots & a_{nm} \end{matrix} \, \middle\vert \, \begin{matrix} y_1\\ y_2\\ \vdots \\ y_n \end{matrix} \right) $$ rozšířená matice soustavy. \cite{becvar,kolarik}', 95, 1, '');
INSERT INTO articles_block_translations (id, content, block_id, language_id, title) VALUES (96, 'Soustavy lineárních rovnic se často zapisují ve tvaru $$\sum_{j=1}^{m}a_{ij}x_j=y_i, \hspace{12pt}i=1,\ldots,n,$$ nebo v tzv. maticovém tvaru $$A\cdot x=y\text{. \cite{kolarik,becvar}}$$', 96, 1, '');
INSERT INTO articles_block_translations (id, content, block_id, language_id, title) VALUES (97, 'Soustava lineárních rovnic $Ax=y$ se nazývá řešitelná, existuje-li alespoň jedno řešení. V opačném případě se nazývá neřešitelná. Dvě soustavy $Ax=y$ a $Bx''=y''$ se nazývají ekvivalentní, mají-li stejné množiny řešení. \cite{kolarik,becvar}', 97, 1, '');
INSERT INTO articles_block_translations (id, content, block_id, language_id, title) VALUES (98, 'Nehomogenní soustava lineárních rovnic $Ax=y$ je řešitelná právě když je vektor $y$ lineární kombinací sloupců matice $A$. \cite{kolarik}', 98, 1, '');
INSERT INTO articles_block_translations (id, content, block_id, language_id, title) VALUES (99, 'Nehomogenní soustava lineárních rovnic $Ax=y$ je řešitelná právě když je $h(A)=h((A\vert y^T))$. \cite{kolarik,becvar}', 99, 1, 'Frobeniova');
INSERT INTO articles_block_translations (id, content, block_id, language_id, title) VALUES (100, 'Nechť $Ax=y$, $Bx=z$ jsou nehomogenní soustavy lineárních rovnic o $m$ neznámých nad tělesem $\mathcal{T}$. Jsou-li $(A\vert y^T)$ a $(B\vert z^T)$ řádkově ekvivalentní, pak jsou tyto soustavy ekvivalentní. \cite{kolarik}', 100, 1, '');
INSERT INTO articles_block_translations (id, content, block_id, language_id, title) VALUES (101, 'Nechť $Ax=y$ je soustava n rovnic o m neznámých nad tělesem $\mathcal{T}$. Tato soustava má řešení právě když $h(A)=h((A\vert y^T))$. Je-li $h(A)=m$, soustava má jediné řešení. Je-li $h(A)=k<m$, soustava má nekonečně mnoho řešení závislých na $m-k$ parametrech. \cite{kolarik,becvar}', 101, 1, 'Doplněná věta Frobeniova');
INSERT INTO articles_block_translations (id, content, block_id, language_id, title) VALUES (102, 'Větu \ref{theorem:gauss} využívá Gaussova eliminační metoda, která umožňuje obecně řešit libovolnou nehomogenní soustavu lineárních rovnic. Při výpočtu se postupně rozšířená matice soustavy pomocí elementárních řádkových transformací upravuje na redukovaný trojúhelníkový tvar. \cite{kolarik,becvar}', 102, 1, '');
INSERT INTO articles_block_translations (id, content, block_id, language_id, title) VALUES (104, 'Je-li $a''_{22}=0$, zaměníme řádky, aby byl prvek nenulový, jsou-li všechny $a''_{22}=\cdots=a''_{r2}=0$, přejdeme ke 3. sloupci. Za předpokladu $a''_{22}\neq 0$ pro každé $j=3,\ldots,r$ přičteme k $j$-tému řádku $(-\frac{a''_{j2}}{a''_{22}})$-násobek 2. řádku, vynecháme nulové řádky. \cite{kolarik}', 104, 1, '');
INSERT INTO articles_block_translations (id, content, block_id, language_id, title) VALUES (94, 'Soustavou $n$ lineárních rovnic o $m$ neznámých nad tělesem $\mathcal{T}=(T,+,\cdot)$ budeme rozumět rovnice tvaru $$a_{11}x_1+a_{12}x_2+\cdots+a_{1m}x_m=y_1,$$ $$a_{21}x_1+a_{22}x_2+\cdots+a_{2m}x_m=y_2,$$ $$\cdots$$ $$a_{n1}x_1+a_{n2}x_2+\cdots+a_{nm}x_m=y_n,$$ kde koeficienty $a_{11}, \ldots, a_{nm}\in T$ a $y_1,\ldots,y_n \in T$. \break Každá uspořádaná $m$-tice $x=(x_1,\ldots,x_m) \in T^m$, pro kterou platí všech $n$ výše uvedených vztahů, se nazývá řešení soustavy. Pokud $y_1=y_2=\cdots=y_n=0$, soustava se nazývá homogenní, jinak se nazývá nehomogenní. \cite{becvar,kolarik}', 94, 1, 'Soustava lineárních rovnic');
INSERT INTO articles_block_translations (id, content, block_id, language_id, title) VALUES (106, 'Poté z rovnice $c_{kk}x_k+\cdots+c_{km}x_m=z_k$ odpovídající poslednímu řádku vyjádříme $x_k$ pomocí $x_{k+1},\ldots,x_m$. Z předposlední rovnice vypočítáme $x_{k-1}$, atd. Je-li $k=m$, soustava má jedno řešení. Pokud je $k<m$, má daná soustava nekonečně mnoho řešení závislých na parametrech $x_{k+1},\ldots,x_m$. \cite{kolarik}', 106, 1, '');
INSERT INTO articles_block_translations (id, content, block_id, language_id, title) VALUES (108, 'Nechť $A_{n,m}$ je matice nad tělesem $\mathcal{T}$ a $y, z$ jsou $n$-tice prvků tělesa $\mathcal{T}$. Je-li $B$ regulární matice řádu $n$, $C=BA$ a platí $z^T=B\cdot y^T$, pak soustava $Ax=y$ má stejnou množinu řešení, jako soustava $Cx=z$. \cite{becvar}', 108, 1, '');
INSERT INTO articles_block_translations (id, content, block_id, language_id, title) VALUES (109, 'Nechť $A$ je regulární matice řádu $n$ nad tělesem $\mathcal{T}$ a $y$ je $n$-tice prvků tělesa $\mathcal{T}$. Pak má soustava $Ax=y$ právě jedno řešení $x\in T^n$, pro které platí $x^T=A^{-1}\cdot y^T$. \cite{becvar}', 109, 1, '');
INSERT INTO articles_block_translations (id, content, block_id, language_id, title) VALUES (110, 'Mějme regulární matici $A$ řádu $n$ nad tělesem $\mathcal{T}$. Pak podle důsledku \ref{consequence:inverse-solved-system} má soustava rovnic $Ax=y$ právě jedno řešení $x$, kde $x^T=A^{-1}\cdot y^T$. Řešení tedy získáme vynásobením sloupce pravých stran inverzní maticí matice soustavy zleva. \cite{becvar}', 110, 1, '');
INSERT INTO articles_block_translations (id, content, block_id, language_id, title) VALUES (112, 'Nalezněte řešení $x$ soustavy lineárních rovnic $$4x_1-7x_2+8x_3=37,$$ $$2x_1+3x_2-x_3=-11,$$ $$x_1+x_2-4x_3=-11$$ pomocí inverzní matice. \break Rozšířená matice soustavy je $$ (A\vert y^T)=\left( \begin{matrix} 4 & -7 & 8 \\ 2 & 3 & -1 \\ 1 & 1 & -4 \end{matrix} \, \middle\vert \, \begin{matrix} 37 \\ -11 \\ -11 \end{matrix} \right). $$ S využitím elementárních řádkových transformací převedeme matici $(A\vert y^T)$ na odstupňovaný tvar $$ (B\vert z^T)=\left( \begin{matrix} 1 & 1 & -4 \\ 0 & 1 & 7 \\ 0 & 0 & 101 \end{matrix} \, \middle\vert \, \begin{matrix} -11 \\ 11 \\ 202 \end{matrix} \right). $$ Dalšími úpravami transformujeme matici $(B\vert z^T)$ na matici $(E\vert x^T)$: $$ \left( \begin{matrix} 1 & 1 & -4 \\ 0 & 1 & 7 \\ 0 & 0 & 101 \end{matrix} \, \middle\vert \, \begin{matrix} -11 \\ 11 \\ 202 \end{matrix} \right) \sim \left( \begin{matrix} 1 & 1 & -4 \\ 0 & 1 & 7 \\ 0 & 0 & 1 \end{matrix} \, \middle\vert \, \begin{matrix} -11 \\ 11 \\ 2 \end{matrix} \right) \sim \left( \begin{matrix} 1 & 1 & 0 \\ 0 & 1 & 0 \\ 0 & 0 & 1 \end{matrix} \, \middle\vert \, \begin{matrix} -3 \\ -3 \\ 2 \end{matrix} \right) \sim \left( \begin{matrix} 1 & 0 & 0 \\ 0 & 1 & 0 \\ 0 & 0 & 1 \end{matrix} \, \middle\vert \, \begin{matrix} 0 \\ -3 \\ 2 \end{matrix} \right). $$ Řešení nalezneme v posledním sloupci: $$ x^T=\begin{pmatrix} 0 \\ -3 \\ 2 \end{pmatrix}, $$ platí tedy $x=\begin{pmatrix} 0 & -3 & 2 \end{pmatrix}$. \break Známe-li inverzní matici, lze řešení získat podle důsledku \ref{consequence:inverse-solved-system} následovně: $$ x^T=A^{-1}\cdot y^T=\begin{pmatrix} \frac{11}{101} & \frac{20}{101} & \frac{17}{101} \\ \frac{-7}{101} & \frac{24}{101} & \frac{-20}{101} \\ \frac{1}{101} & \frac{11}{101} & \frac{-26}{101} \end{pmatrix} \cdot \begin{pmatrix} 37 \\ -11 \\ -11 \end{pmatrix} = \begin{pmatrix} 0 \\ -3 \\ 2 \end{pmatrix}. $$', 112, 1, '');
INSERT INTO articles_block_translations (id, content, block_id, language_id, title) VALUES (113, 'Nechť $Ax=y$ je soustava $n$ lineárních rovnic o $n$ neznámých ($n\geq 1$) nad tělesem $\mathcal{T}$ taková, že $\text{det}A\neq 0$. Pak pro $j=1,\ldots,n$ platí $$x_j=\frac{\text{det}A_j}{\text{det}A},$$ kde $A_j$ je matice, která vznikne z $A$ tak, že $j$-tý sloupec nahradíme sloupcem pravých stran $y^T$. \cite{kolarik,rachunek}', 113, 1, 'Cramerovo pravidlo');
INSERT INTO articles_block_translations (id, content, block_id, language_id, title) VALUES (116, 'Bijektivní homomorfismus z $\mathcal{V}_1$ do $\mathcal{V}_2$ se nazývá izomorfismus $\mathcal{V}_1$ na $\mathcal{V}_2$. Řekneme, že vektorový prostor $\mathcal{V}_1$ je izomorfní s $\mathcal{V}_2$, jestliže existuje izomorfismus $\mathcal{V}_1$ na $\mathcal{V}_2$. \cite{rachunek,kolarik}', 116, 1, 'Izomorfismus');
INSERT INTO articles_block_translations (id, content, block_id, language_id, title) VALUES (126, 'Nechť $M_1=\langle u_1,\ldots,u_n\rangle$ je báze vektorového prostoru $\mathcal{V}$ nad tělesem $\mathcal{T}$, $A$ je regulární čtvercová matice stupně $n$. Pak množina $M_2=\langle v_1,\ldots,v_n\rangle$, kde $$v_i=\sum_{j=1}^{n}a_{ij}u_j, i=1,\ldots,n,$$ je bází prostoru $\mathcal{V}$, $A$ je maticí přechodu od $M_1$ k $M_2$. \cite{kolarik,rachunek}', 126, 1, '');
INSERT INTO articles_block_translations (id, content, block_id, language_id, title) VALUES (105, 'Nyní postup opakujeme, dokud nedostaneme odstupňovanou matici ve tvaru: $$ \left( \begin{matrix} a_{11} & a_{12} & a_{13} &\cdots & \cdots & \cdots & a_{1m} \\ 0 & a''_{22} & a''_{23} & \cdots & \cdots & \cdots & a''_{2m} \\ 0 & 0 & a''''_{33} & \cdots &\cdots & \cdots & a''''_{3m} \\ \vdots & \vdots & \vdots & \ddots & \ddots & \ddots & \vdots \\ 0 & 0 & 0& \cdots & c_{kk} & \cdots & c_{km} \end{matrix} \, \middle\vert \, \begin{matrix} y_1\\ y''_2\\ y''''_3\\ \vdots \\ z_k \end{matrix} \right), $$ kde $k\leq m$, $k=h(A)$. \cite{kolarik}', 105, 1, '');
INSERT INTO articles_block_translations (id, content, block_id, language_id, title) VALUES (111, 'Matice $A$ však nemusí být regulární. Při řešení nejprve od rozšířené matice soustavy $(A\vert y^T)$ přejdeme elementárními řádkovými transformacemi k odstupňované matici $(B\vert z^T)$ a zjistíme, zda je regulární. \break Je-li matice singulární a řešitelná, pokračujeme v řešení s využitím Gaussovy eliminační metody. Pokud je matice regulární, lze elementárními řádkovými transformacemi přejít od matice $(B\vert z^T)$ k matici $(E\vert A^{-1}\cdot y^T)$ a nalézt tak řešení. \cite{becvar}', 111, 1, '');
INSERT INTO articles_block_translations (id, content, block_id, language_id, title) VALUES (117, 'Je-li $f$ homomorfismus $\mathcal{V}_1$ do $\mathcal{V}_2$, pak \begin{enumerate} \item $f$ je injektivní, právě když $\text{Ker }f=\{o\}$, nazývá se monomorfismus, \item $f$ je surjektivní, právě když $\text{Im }f=\mathcal{V}_2$, nazývá se epimorfismus, \item $f$ je izomorfismus, právě když $\text{Ker }f=\{o\}$ a $\text{Im }f=\mathcal{V}_2$, \end{enumerate} kde $o$ je nulový vektor z $\mathcal{V}_1$. \cite{kolarik,rachunek}', 117, 1, '');
INSERT INTO articles_block_translations (id, content, block_id, language_id, title) VALUES (118, 'Nechť $\mathcal{V}_1, \mathcal{V}_2, \mathcal{V}_3$ jsou vektorové prostory nad tělesem $\mathcal{T}$, pak \cite{rachunek,kolarik}: \begin{enumerate} \item jsou-li $f:V_1\to V_2, g:V_2\to V_3$ homomorfismy, pak složené zobrazení $f\circ g$ je homomorfismus z $\mathcal{V}_1$ do $\mathcal{V}_3$, \item je-li $f$ izomorfismus $\mathcal{V}_1$ na $\mathcal{V}_2$, pak $f^{-1}$ je izomorfismus $\mathcal{V}_2$ na $\mathcal{V}_1$, \item identické zobrazení $id:\mathcal{V}_1\to \mathcal{V}_1$ je izomorfismus $\mathcal{V}_1$ na $\mathcal{V}_1$. \end{enumerate}', 118, 1, '');
INSERT INTO articles_block_translations (id, content, block_id, language_id, title) VALUES (119, 'Nechť $\mathcal{V}_1, \mathcal{V}_2$ jsou vektorové prostory nad tělesem $\mathcal{T}$. Je-li $f:\mathcal{V}_1\to \mathcal{V}_2$ izomorfismus a je-li $\{u_1,\ldots,u_n\}$ báze $\mathcal{V}_1$, pak množina $\{f(u_1),\ldots,f(u_n)\}$ je báze $\mathcal{V}_2$. \cite{rachunek,kolarik}', 119, 1, '');
INSERT INTO articles_block_translations (id, content, block_id, language_id, title) VALUES (115, 'Nechť $\mathcal{V}_1=(V_1,+,T,\cdot)$ a $\mathcal{V}_2=(V_1,+,T,\cdot)$ jsou vektorové prostory nad tělesem $\mathcal{T}$. Zobrazení $f:V_1 \to V_2$ se nazývá homomorfismus (též lineární zobrazení) vektorového prostoru $\mathcal{V}_1$ do $\mathcal{V}_2$, jestliže platí \cite{kolarik,becvar}:\begin{enumerate} \item \begin{tabular}{m{3cm} l} $\forall u,v \in V_1$ & $f(u+v)=f(u)+f(v)$,\\ \end{tabular} \item \begin{tabular}{m{3cm} l} $\forall u \in V_1, \forall c \in T$ & $f(c\cdot u)=c\cdot f(u)$.\\ \end{tabular} \end{enumerate} \break Jestliže $f$ je homomorfismus prostoru $\mathcal{V}_1$ do $\mathcal{V}_2$, potom množinu $$\text{Ker }f=\{u\in V_1;f(u)=o\}$$ nazveme jádrem homomorfismu $f$, kde $o$ je nulový vektor z $V_2$, a množinu $$\text{Im }f=\{w \in V_2; \exists u \in V_1, f(u)=w\}$$ nazveme obraz homomorfismu $f$. \cite{kolarik,becvar}', 115, 1, 'Homomorfismus');
INSERT INTO articles_block_translations (id, content, block_id, language_id, title) VALUES (124, 'Nechť $M_1, M_2, M_3$ jsou báze vektorového prostoru $\mathcal{V}$ nad tělesem $\mathcal{T}$. Je-li $A=(a_{ij})$ matice přechodu od báze $M_1$ k $M_2$, $B=(b_{ij})$ matice přechodu od báze $M_2$ k $M_3$, pak $B A$ je matice přechodu od báze $M_1$ k $M_3$. \cite{kolarik,rachunek}', 124, 1, '');
INSERT INTO articles_block_translations (id, content, block_id, language_id, title) VALUES (125, 'Nechť $M_1, M_2$ jsou báze vektorového prostoru $\mathcal{V}$ nad tělesem $\mathcal{T}$, $A$ je matice přechodu od $M_1$ k $M_2$. Pak matice $A$ je regulární a $A^{-1}$ je maticí přechodu od báze $M_2$ k $M_1$. \cite{kolarik,rachunek}', 125, 1, '');
INSERT INTO articles_block_translations (id, content, block_id, language_id, title) VALUES (50, 'Každá regulární matice je součinem elementárních transformačních matic. \cite{becvar}', 50, 1, '');
INSERT INTO articles_block_translations (id, content, block_id, language_id, title) VALUES (57, 'Pro libovolné vektory $u_1,\ldots,u_k$ z vektorového prostoru $\mathcal{V}$ nad tělesem $\mathcal{T}$ existuje alespoň jedna jejich (nulová) lineární kombinace. Vždy lze uvažovat jejich nulový vektor. \cite{rachunek,kolarik}', 57, 1, '');
INSERT INTO articles_block_translations (id, content, block_id, language_id, title) VALUES (63, 'Určete, zda jsou v aritmetickém vektorovém prostoru $\mathbb{R}^2$ vektory $u=(2,3)$ a $v=(1,7)$ lineárně závislé nebo nezávislé. \break Hledáme $c_1,c_2 \in \mathbb{R}$ takové, že $c_1u+c_2v=o$, tedy $$c_1(2,3)+c_2(1,7)=(0,0).$$ Dostáváme soustavu lineárních rovnic $$\begin{matrix} 2c_1 + c_2 &= 0 \\ 3c_1 + 7c_2 &= 0 \end{matrix}$$ která má jediné řešení: $c_1=c_2=0$, vektory jsou tedy lineárně nezávislé.', 63, 1, '');
INSERT INTO articles_block_translations (id, content, block_id, language_id, title) VALUES (68, 'Nechť $\mathcal{V}$ je vektorový prostor nad tělesem $\mathcal{T}$ a $M\subseteq V$. Lineární obal $L(M)$ množiny $M$ ve $\mathcal{V}$ je roven množině všech lineárních kombinací vektorů z $M$ s koeficienty z tělesa $\mathcal{T}$. \cite{becvar,kolarik}', 68, 1, '');
INSERT INTO articles_block_translations (id, content, block_id, language_id, title) VALUES (130, 'sarrus_rule', 130, 1, 'Sarrusovo pravidlo');
INSERT INTO articles_block_translations (id, content, block_id, language_id, title) VALUES (1, 'V této kapitole jsou probrána vybraná témata lineární algebry. V následujícím textu předpokládám znalost pojmů: okruh, komutativní okruh, invertibilní prvek okruhu, grupa, abelovská grupa, permutace a znaménko permutace.', 1, 1, '');
INSERT INTO articles_block_translations (id, content, block_id, language_id, title) VALUES (31, 'Matice $A$ nad tělesem $\mathcal{T}=(T,+,\cdot)$ se nazývá singulární právě tehdy, je-li její determinant roven nule a regulární právě tehdy, když je její determinant nenulový. \cite{becvar}', 31, 1, 'Regulární matice');
INSERT INTO articles_block_translations (id, content, block_id, language_id, title) VALUES (120, 'V následujícím textu budeme uvažovat vektorové prostory konečné dimenze a jejich báze jako tzv. pevné báze. Pevná báze je báze, kde záleží na pořadí vektorů, které ji definují. Proto budeme dále báze zapisovat, jako uspořádané $n$-tice.', 120, 1, '');
INSERT INTO articles_block_translations (id, content, block_id, language_id, title) VALUES (121, 'Nechť $\mathcal{V}=(V,+,T,\cdot)$ je vektorový prostor nad tělesem $\mathcal{T}$, $\text{dim}\mathcal{V}=n$ a $M=\langle u_1,\ldots,u_n\rangle$ je báze prostoru $\mathcal{V}$. Nechť $u\in V, c_1,\ldots,c_n \in T$, $u=\sum_{i=1}^{n}c_i u_i$. Potom koeficienty $c_1,\ldots,c_n$ nazýváme souřadnice vektoru $u$ vzhledem k bázi $M$, zapisujeme $\{u\}_M=(c_1,\ldots,c_n)$. \cite{kolarik,rachunek}', 121, 1, 'Souřadnice vektoru vzhledem k bázi');
INSERT INTO articles_block_translations (id, content, block_id, language_id, title) VALUES (122, 'Nechť $M_1=\langle u_1,\ldots,u_n\rangle, M_2=\langle v_1,\ldots,v_n\rangle$ jsou báze vektorového prostoru $\mathcal{V}$ nad tělesem $\mathcal{T}$ a nechť $\{v_i\}_{M_1}=(a_{i1},\ldots,a_{in})$, $i=1,\ldots,n$. Potom matici $A=(a_{ij})$ nazýváme matice přechodu od báze $M_1$ k bázi $M_2$. \cite{kolarik,rachunek}', 122, 1, 'Matice přechodu');
INSERT INTO articles_block_translations (id, content, block_id, language_id, title) VALUES (123, 'Nechť $M_1, M_2$ jsou dvě báze vektorového prostoru $\mathcal{V}=(V,+,T,\cdot)$ nad tělesem $\mathcal{T}$, $A$ je matice přechodu od báze $M_1$ k $M_2$. Pak $\forall u \in V$ platí $\{u\}_{M_1}=\{u\}_{M_2}\cdot A$. \cite{kolarik,rachunek}', 123, 1, '');
INSERT INTO articles_block_translations (id, content, block_id, language_id, title) VALUES (5, 'Definujme následující typy matic \cite{rachunek,becvar}:\begin{itemize} \item Čtvercová matice stupně $n$ je matice $A$ typu $n \times n$, říkáme, že je řádu $n$. \item Diagonální matice je čtvercová matice, kde jsou všechny prvky, které neleží na hlavní diagonále, rovny 0. \item Skalární matice je diagonální matice, kde jsou si všechny prvky na hlavní diagonále rovny. \item Jednotková matice stupně $n$ (značena $E_n$) je skalární matice, kde jsou všechny prvky na hlavní diagonále rovny 1. \item Horní trojúhelníková matice je matice, kde jsou všechny prvky pod hlavní diagonálou rovny 0. \item Dolní trojúhelníková matice je matice, kde jsou všechny prvky nad hlavní diagonálou rovny 0. \end{itemize}', 5, 1, 'Typy matic');
INSERT INTO articles_block_translations (id, content, block_id, language_id, title) VALUES (131, 'Nechť je $\mathcal{T}=(T,+,\cdot)$ těleso a $n\in \mathbb{N}$. Na kartézském součinu $T^n=V$ definujeme operaci $+$ (tzv. po složkách). \break Jestliže $(a_1,\dots,a_n),(b_1,\dots,b_n)\in V,$ pak $(a_1,\dots,a_n)+(b_1,\dots,b_n)=(a_1+b_1,\dots,a_n+b_n).$ \break Vidíme, že $(V,+)$ je abelovská grupa, $o=(0,\dots,0)$ její jednotkový prvek a $(-a_1,\dots,-a_n)$ její inverzní prvek k prvku $(a_1,\dots,a_n)$. \break Definujme levou vnější operaci pro $c\in T$ a $(a_1,\dots,a_n)\in V$: $$c\cdot (a_1,\dots,a_n)=(c\cdot a_1,\dots, c\cdot a_n).$$ \break Vektorový prostor $\mathcal{V}=(V,+,T,\cdot)$ nazýváme aritmetický, značíme $\mathcal{T}^n$. \cite{kolarik}', 131, 1, 'Aritmetický vektorový prostor');
INSERT INTO articles_block_translations (id, content, block_id, language_id, title) VALUES (9, 'Nechť $A=(a_{ij})$ a $B=(b_{ij})$ jsou matice typu $n \times m$ nad okruhem $\mathcal{R}$. Součtem matic $A$ a $B$ rozumíme matici $$ A+B=(a_{ij}+b_{ij}) $$ typu $n \times m$, pro každé $i=1, \ldots,n$, $j=1, \ldots, m$. Říkáme, že sčítáme po složkách. \cite{becvar} \break Součet $A+B$ matic $A$ a $B$ je definován právě když mají matice $A$ a $B$ stejný typ. Součet $A+B$ má následně stejný typ jako matice $A, B$. \cite{becvar}', 9, 1, 'Sčítání matic');
INSERT INTO articles_block_translations (id, content, block_id, language_id, title) VALUES (10, 'Nechť $A=(a_{is})$ je matice typu $n \times m$ a $B=(b_{sj})$ matice typu $m \times k$ nad okruhem $\mathcal{R}$. Součinem matice $A$ a $B$ rozumíme matici $$ A \cdot B=\Big(\sum_{s=1}^{m} a_{is}b_{sj}\Big) $$ typu $n \times k$, která má na pozici $ij$ součet součinů odpovídajících prvků $i$-tého řádku matice $A$ a $j$-tého sloupce matice $B$. \cite{becvar} \break Součin $A \cdot B$ je definován právě když se počet sloupců matice $A$ rovná počtu řádků matice $B$. Součin $A \cdot B$ má pak stejný počet řádků jako matice $A$ a stejný počet sloupců jako matice $B$. \cite{becvar}', 10, 1, 'Násobení matic');
INSERT INTO articles_block_translations (id, content, block_id, language_id, title) VALUES (49, 'Je-li $A\in M_n(T)$, pak jsou řádkově ekvivalentní matice, které dostaneme z matice $A$ \begin{itemize} \item provedením dané elementární řádkové transformace na $A$, \item vynásobením matice $A$ maticí této transformace zleva. \cite{rachunek}\end{itemize}', 49, 1, '');
INSERT INTO articles_block_translations (id, content, block_id, language_id, title) VALUES (75, 'Platí \cite{kolarik,rachunek}:\begin{enumerate} \item hodnost matice $A$ je rovna počtu jejích lineárně nezávislých řádků, tj. $h(A)\leq m$, \item řádkově ekvivalentní matice mají stejnou hodnost, \item $h(A)$ se rovná počtu nenulových řádků libovolné matice trojúhelníkového tvaru, která je řádkově ekvivalentní s $A$. \end{enumerate}', 75, 1, '');
INSERT INTO articles_block_translations (id, content, block_id, language_id, title) VALUES (103, 'Nechť $Ax=y$ je soustava $n$ lineárních rovnic o $m$ neznámých a rozšířená matice soustavy je $$ (A\vert y^T)=\left( \begin{matrix} a_{11} & a_{12} & \cdots & a_{1m} \\ a_{21} & a_{22} & \cdots & a_{2m} \\ \vdots & \vdots & \ddots & \vdots \\ a_{n1} & a_{n2} & \cdots & a_{nm} \end{matrix} \, \middle\vert \, \begin{matrix} y_1\\ y_2\\ \vdots \\ y_n \end{matrix} \right). $$ Je-li $a_{11}=0$, lze podle věty \ref{theorem:gauss} zaměnit řádky tak, aby byl prvek $a_{11}$ nenulový. Dále předpokládejme $a_{11}\neq 0$. Pro každé $k=2,\ldots,n$ přičteme ke každému $k$-tému řádku $(-\frac{a_{k1}}{a_{11}})$-násobek 1. řádku rozšířené matice. Takto vynulujeme všechny prvky prvního sloupce matice s výjimkou prvku $a_{11}$. Následně lze ze vzniklé matice vynechat všechny nulové řádky. Výsledkem je matice ve tvaru: $$ \left( \begin{matrix} a_{11} & a_{12} & \cdots & a_{1m} \\ 0 & a''_{22} & \cdots & a''_{2m} \\ \vdots & \vdots & \ddots & \vdots \\ 0 & a''_{r2} & \cdots & a''_{rm} \end{matrix} \, \middle\vert \, \begin{matrix} y_1\\ y''_2\\ \vdots \\ y''_r \end{matrix} \right), $$ kde $r\leq n$. \cite{kolarik}', 103, 1, '');
INSERT INTO articles_block_translations (id, content, block_id, language_id, title) VALUES (114, 'Nalezněte neznámou $x_2$ soustavy lineárních rovnic $$4x_1-7x_2+8x_3=37,$$ $$2x_1+3x_2-x_3=-11,$$ $$x_1+x_2-4x_3=-11.$$ \break Matice soustavy je $$ A=\begin{pmatrix} 4 & -7 & 8 \\ 2 & 3 & -1 \\ 1 & 1 & -4 \end{pmatrix}, $$ sloupec pravých stran $$ y^T=\begin{pmatrix} 37 \\ -11 \\ -11 \end{pmatrix}. $$ \break Podle věty \ref{theorem:cramer} platí $$ x_2=\frac{\text{det}A_{2}}{\text{det}A}= \frac{ \begin{vmatrix} 4 & 37& 8 \\ 2 & -11 & -1 \\ 1 & -11 & -4 \end{vmatrix}} {\begin{vmatrix} 4 & -7 & 8 \\ 2 & 3 & -1 \\ 1 & 1 & -4 \end{vmatrix}} =\frac{303}{-101}=-3. $$', 114, 1, '');
INSERT INTO articles_block_translations (id, content, block_id, language_id, title) VALUES (127, 'Určete matici přechodu $A$ od báze $M_1=\langle (-5, 9, 2), (6, -10, 5), (-1, 2, 9)\rangle$ k bázi $M_2=\langle (0, 0, -5), (1, 0, 2), (-4, 2, 7)\rangle$ v prostoru $\mathbb{R}^3$. \break Matici přechodu získáme při výpočtu souřadnic vektorů $(0, 0, -5), (1, 0, 2), (-4, 2, 7)$ vzhledem k bázi $M_1$. Dostáváme tři rovnice: $$\begin{matrix} (0, 0, -5)&=a_{11}(-5, 9, 2)+a_{12}(6, -10, 5)+a_{13}(-1, 2, 9),\\ (1, 0, 2)&=a_{21}(-5, 9, 2)+a_{22}(6, -10, 5)+a_{23}(-1, 2, 9),\\ (-4, 2, 7)&=a_{31}(-5, 9, 2)+a_{32}(6, -10, 5)+a_{33}(-1, 2, 9), \end{matrix}$$ ze kterých dostáváme tři soustavy lineárních rovnic: $$\begin{matrix} -5a_{11}+6a_{12}-a_{13}&=0\\ 9a_{11}-10a_{12}+2a_{13}&=0\\ 2a_{11}+5a_{12}+9a_{13}&=-5 \end{matrix}$$ $$\begin{matrix} -5a_{21}+6a_{22}-a_{23}&=1\\ 9a_{21}-10a_{22}+2a_{23}&=0\\ 2a_{21}+5a_{22}+9a_{23}&=2 \end{matrix}$$ $$\begin{matrix} -5a_{31}+6a_{32}-a_{33}&=-4\\ 9a_{31}-10a_{32}+2a_{33}&=2\\ 2a_{31}+5a_{32}+9a_{33}&=7 \end{matrix}$$ Protože jsou pravé strany všech tří soustav stejné, lze řešit všechny tři soustavy současně. Sestavíme tedy rozšířenou matici soustavy se třemi pravými stranami. $$ \left( \begin{matrix} -5 & 6 & -1 \\ 9 & -10 & 2 \\ 2 & 5 & 9 \end{matrix} \,\middle\vert\, \begin{matrix} 0\\ 0\\ -5 \end{matrix} \,\middle\vert\, \begin{matrix} 1\\ 0\\ 2 \end{matrix} \,\middle\vert\, \begin{matrix} -4\\ 2\\ 7 \end{matrix} \right)\sim \left( \begin{matrix} -5 & 6 & -1 \\ 0 & 4 & 1 \\ 0 & 37 & 43 \end{matrix} \,\middle\vert\, \begin{matrix} 0\\ 0\\ -25 \end{matrix} \,\middle\vert\, \begin{matrix} 1\\ 9\\ 12 \end{matrix} \,\middle\vert\, \begin{matrix} -4\\ -26\\ 27 \end{matrix} \right)\sim $$ $$ \sim\left( \begin{matrix} -5 & 6 & -1 \\ 0 & 4 & 1 \\ 0 & 0 & 1 \end{matrix} \,\middle\vert\, \begin{matrix} 0\\ 0\\ -\frac{20}{27} \end{matrix} \,\middle\vert\, \begin{matrix} 1\\ 9\\ -\frac{19}{9} \end{matrix} \,\middle\vert\, \begin{matrix} -4\\ -26\\ \frac{214}{27} \end{matrix} \right)\sim \left( \begin{matrix} 1 & 0 & 0 \\ 0 & 1 & 0 \\ 0 & 0 & 1 \end{matrix} \,\middle\vert\, \begin{matrix} \frac{10}{27}\\ \frac{5}{27}\\ -\frac{20}{27} \end{matrix} \,\middle\vert\, \begin{matrix} \frac{32}{9}\\ \frac{25}{9}\\ -\frac{19}{9} \end{matrix} \,\middle\vert\, \begin{matrix} -\frac{296}{27}\\ -\frac{229}{27}\\ \frac{214}{27} \end{matrix} \right) $$ Hledaná matice přechodu od báze $M_1$ k bázi $M_2$ je $$ A=\begin{pmatrix} \frac{10}{27}&\frac{5}{27}&-\frac{20}{27}\\ \frac{32}{9}&\frac{25}{9}&-\frac{19}{9}\\ -\frac{296}{27}&-\frac{229}{27}&\frac{214}{27} \end{pmatrix}. $$', 127, 1, '');
INSERT INTO articles_block_translations (id, content, block_id, language_id, title) VALUES (65, 'Nechť $\mathcal{V}=(V,+,T,\cdot)$ je vektorový prostor nad tělesem $\mathcal{T}$ a nechť $\emptyset\neq W\subseteq V$. Pak $\mathcal{W}=(W,+,T,\cdot)$ je vektorový podprostorem $\mathcal{V}$ právě když množina $W$ s každými prvky $u_1,\ldots,u_k$ obsahuje i jejich lineární kombinaci. \cite{kolarik}', 65, 1, '');
INSERT INTO articles_block_translations (id, content, block_id, language_id, title) VALUES (107, 'Nalezněte řešení $x$ soustavy lineárních rovnic $$4x_1-7x_2+8x_3=37,$$ $$2x_1+3x_2-x_3=-11,$$ $$x_1+x_2-4x_3=-11$$ pomocí Gaussovy eliminační metody. \break Rozšířená matice soustavy je $$ (A\vert y^T)=\left( \begin{matrix} 4 & -7 & 8 \\ 2 & 3 & -1 \\ 1 & 1 & -4 \end{matrix} \, \middle\vert \, \begin{matrix} 37 \\ -11 \\ -11 \end{matrix} \right). $$ S využitím elementárních řádkových transformací převedeme matici $(A\vert y^T)$ na odstupňovaný tvar $$ \left( \begin{matrix} 1 & 1 & -4 \\ 2 & 3 & -1 \\ 4 & -7 & 8 \end{matrix} \, \middle\vert \, \begin{matrix} -11 \\ -11 \\ 37 \end{matrix} \right) \sim \left( \begin{matrix} 1 & 1 & -4 \\ 0 & 1 & 7 \\ 0 & -11 & 24 \end{matrix} \, \middle\vert \, \begin{matrix} -11 \\ 81 \\ 11 \end{matrix} \right) \sim \left( \begin{matrix} 1 & 1 & -4 \\ 0 & 1 & 7 \\ 0 & 0 & 101 \end{matrix} \, \middle\vert \, \begin{matrix} -11 \\ 11 \\ 202 \end{matrix} \right). $$ Z posledního řádku víme, že $101x_3=202$, tedy $x_3=2$. Pomocí $x_3$ a předposledního řádku odstupňované matice vypočítáme: $x_2=11-7\cdot 2=-3$. Nakonec z prvního řádku vypočítáme $x_1=-11+3+4\cdot 2=0$.', 107, 1, '');

--
-- Data for Name: articles_blocktypetranslation; Type: TABLE DATA;
--

INSERT INTO articles_blocktypetranslation (id, title, block_type_id, language_id) VALUES (1, 'text', 1, 1);
INSERT INTO articles_blocktypetranslation (id, title, block_type_id, language_id) VALUES (2, 'Definice', 2, 1);
INSERT INTO articles_blocktypetranslation (id, title, block_type_id, language_id) VALUES (3, 'Věta', 3, 1);
INSERT INTO articles_blocktypetranslation (id, title, block_type_id, language_id) VALUES (4, 'Příklad', 4, 1);
INSERT INTO articles_blocktypetranslation (id, title, block_type_id, language_id) VALUES (5, 'Poznámka', 5, 1);
INSERT INTO articles_blocktypetranslation (id, title, block_type_id, language_id) VALUES (6, 'Důsledek', 6, 1);
INSERT INTO articles_blocktypetranslation (id, title, block_type_id, language_id) VALUES (7, 'Lemma', 7, 1);
INSERT INTO articles_blocktypetranslation (id, title, block_type_id, language_id) VALUES (8, 'Obrázek', 8, 1);

--
-- Data for Name: articles_chapter_translations; Type: TABLE DATA;
--

INSERT INTO articles_chapter_translations (id, title, description, chapter_id, language_id) VALUES (1, 'Matice', '', 1, 1);
INSERT INTO articles_chapter_translations (id, title, description, chapter_id, language_id) VALUES (2, 'Vektorové prostory', '', 2, 1);
INSERT INTO articles_chapter_translations (id, title, description, chapter_id, language_id) VALUES (3, 'Soustavy lineárních rovnic', '', 3, 1);
INSERT INTO articles_chapter_translations (id, title, description, chapter_id, language_id) VALUES (4, 'Homomorfismy', '', 4, 1);

--
-- Data for Name: articles_learnimage; Type: TABLE DATA;
--

INSERT INTO articles_learnimage (id, ref_name, image) VALUES (3, 'sarrus_rule', 'learn_images/sarrus_hYTlgDx.png');

--
-- Data for Name: articles_literature; Type: TABLE DATA;
--

INSERT INTO articles_literature (id, ref_name, author, year, edition, isbn, location, pages, publisher, title) VALUES (4, 'emanovsky', 'EMANOVSKÝ, Petr a KÜHR, Jan', '2007', NULL, '978-80-244-1833-9', 'Olomouc', NULL, 'Univerzita Palackého v Olomouci', 'Cvičení z algebry pro 1. ročník (I)');
INSERT INTO articles_literature (id, ref_name, author, year, edition, isbn, location, pages, publisher, title) VALUES (2, 'kolarik', 'CHAJDA, Ivan a KOLAŘÍK, Miroslav', '2021', NULL, NULL, 'Olomouc', 125, 'Univerzita Palackého', 'Matematika 1: lineární algebra');
INSERT INTO articles_literature (id, ref_name, author, year, edition, isbn, location, pages, publisher, title) VALUES (3, 'rachunek', 'HORT, Daniel a RACHŮNEK, Jiří', '2003', NULL, '80-244-0631-4', 'Olomouc', NULL, 'Univerzita Palackého', 'Algebra I');
INSERT INTO articles_literature (id, ref_name, author, year, edition, isbn, location, pages, publisher, title) VALUES (1, 'becvar', 'BEČVÁŘ, Jindřich', '2019', 5, '978-80-7378-378-5', 'Praha', NULL, 'Matfyzpress', 'Lineární algebra');

END;
